2025-08-31 20:06:53,181 - INFO - Se ha solicitado cambiar la configuración regional.
2025-08-31 20:06:54,811 - INFO - Iniciando proceso de cambio de configuración regional.
2025-08-31 20:06:55,146 - INFO - Configuración regional actualizada correctamente.
2025-08-31 20:10:22,200 - INFO - Se ha solicitado cambiar la configuración regional.
2025-08-31 20:10:25,989 - INFO - Iniciando proceso de cambio de configuración regional.
2025-08-31 20:10:26,306 - INFO - Configuración regional actualizada correctamente.
2025-08-31 20:27:49,036 - INFO - Se ha solicitado cambiar la configuración regional.
2025-08-31 20:27:50,345 - INFO - Iniciando proceso de cambio de configuración regional.
2025-08-31 20:27:50,671 - INFO - Configuración regional actualizada correctamente.
2025-08-31 20:39:13,571 - INFO - Se ha solicitado cambiar la configuración regional.
2025-08-31 20:39:15,225 - INFO - Iniciando proceso de cambio de configuración regional.
2025-08-31 20:39:15,225 - INFO - Configuración regional actualizada correctamente.
2025-08-31 21:08:19,127 - INFO - Se ha solicitado cambiar la configuración regional.
2025-08-31 21:08:20,523 - INFO - Iniciando proceso de cambio de configuración regional.
2025-08-31 21:08:20,524 - INFO - Configuración regional actualizada correctamente.
2025-08-31 21:08:32,247 - INFO - Se ha solicitado cambiar la configuración regional.
2025-08-31 21:08:33,412 - INFO - Iniciando proceso de cambio de configuración regional.
2025-08-31 21:08:33,413 - INFO - Configuración regional actualizada correctamente.
2025-09-01 12:31:29,273 - INFO - Se ha solicitado cambiar la configuración regional.
2025-09-01 12:31:32,644 - INFO - Iniciando proceso de cambio de configuración regional.
2025-09-01 12:31:32,646 - INFO - Configuración regional actualizada correctamente.
2025-10-05 22:00:12,707 - INFO - Se ha solicitado cambiar la configuración regional.
2025-10-05 22:00:14,567 - INFO - Iniciando proceso de cambio de configuración regional.
2025-10-05 22:00:14,568 - INFO - Configuración regional actualizada correctamente.
2025-10-08 06:52:59,481 - INFO - Se ha solicitado cambiar la configuración regional.
2025-10-08 06:53:01,765 - INFO - Iniciando proceso de cambio de configuración regional.
2025-10-08 06:53:01,766 - INFO - Configuración regional actualizada correctamente.
2025-10-19 22:55:42,273 - INFO - Base de datos ArkToolsBD.sqlite inicializada y tablas verificadas.
2025-10-19 23:14:08,311 - INFO - Base de datos ArkToolsBD.sqlite inicializada y tablas verificadas.
2025-10-19 23:18:06,459 - INFO - Base de datos ArkToolsBD.sqlite inicializada y tablas verificadas.
2025-10-19 23:18:22,732 - INFO - Consulta a ark_company ejecutada y resultados mostrados.
2025-10-19 23:18:42,426 - INFO - Se ha solicitado cambiar la configuración regional.
2025-10-19 23:18:53,387 - INFO - Consulta a ark_company ejecutada y resultados mostrados.
2025-10-27 21:55:16,823 - INFO - Base de datos ArkToolsBD.sqlite inicializada y tablas verificadas.
2025-10-27 21:57:13,060 - INFO - Base de datos ArkToolsBD.sqlite inicializada y tablas verificadas.
2025-10-27 22:02:28,596 - INFO - Base de datos ArkToolsBD.sqlite inicializada y tablas verificadas.
2025-10-27 22:03:58,595 - INFO - Base de datos ArkToolsBD.sqlite inicializada y tablas verificadas.
2025-10-27 22:17:53,582 - INFO - Base de datos ArkToolsBD.sqlite inicializada y tablas verificadas.
2025-10-27 22:22:15,160 - INFO - Base de datos ArkToolsBD.sqlite inicializada y tablas verificadas.
2025-10-27 22:36:44,110 - INFO - Base de datos ArkToolsBD.sqlite inicializada y tablas verificadas.
2025-10-27 22:49:02,068 - INFO - Base de datos ArkToolsBD.sqlite inicializada y tablas verificadas.
2025-10-28 20:25:56,862 - INFO - Base de datos ArkToolsBD.sqlite inicializada y tablas verificadas.
2025-10-28 20:26:38,965 - INFO - Base de datos ArkToolsBD.sqlite inicializada y tablas verificadas.
2025-10-28 20:26:48,128 - INFO - Se ha solicitado cambiar la configuración regional.
2025-10-28 20:47:54,127 - INFO - Base de datos ArkToolsBD.sqlite inicializada y tablas verificadas.
2025-10-28 20:56:15,122 - INFO - Base de datos ArkToolsBD.sqlite inicializada y tablas verificadas.
2025-10-28 21:46:06,528 - INFO - Base de datos ArkToolsBD.sqlite inicializada y tablas verificadas.
2025-10-28 21:47:58,585 - INFO - Base de datos ArkToolsBD.sqlite inicializada y tablas verificadas.
2025-10-28 21:49:41,532 - INFO - Base de datos ArkToolsBD.sqlite inicializada y tablas verificadas.
2025-10-28 21:52:59,007 - INFO - Base de datos ArkToolsBD.sqlite inicializada y tablas verificadas.
2025-10-28 21:55:59,092 - INFO - Base de datos ArkToolsBD.sqlite inicializada y tablas verificadas.
2025-10-28 22:01:49,563 - INFO - Base de datos ArkToolsBD.sqlite inicializada y tablas verificadas.
2025-10-29 22:13:53,368 - INFO - Base de datos ArkToolsBD.sqlite inicializada y tablas verificadas.
2025-10-29 22:30:14,269 - INFO - Base de datos ArkToolsBD.sqlite inicializada y tablas verificadas.
2025-10-29 22:48:56,870 - INFO - Base de datos ArkToolsBD.sqlite inicializada y tablas verificadas.
2025-10-29 23:07:20,006 - INFO - Base de datos ArkToolsBD.sqlite inicializada y tablas verificadas.
2025-10-29 23:18:59,623 - INFO - Base de datos ArkToolsBD.sqlite inicializada y tablas verificadas.
2025-10-30 21:27:02,655 - INFO - Base de datos ArkToolsBD.sqlite inicializada y tablas verificadas.
2025-10-30 21:28:30,204 - INFO - Base de datos ArkToolsBD.sqlite inicializada y tablas verificadas.
2025-10-30 21:33:34,773 - INFO - Base de datos ArkToolsBD.sqlite inicializada y tablas verificadas.
2025-10-30 21:46:03,623 - INFO - Base de datos ArkToolsBD.sqlite inicializada y tablas verificadas.
2025-11-03 18:47:49,064 - INFO - Base de datos ArkToolsBD.sqlite inicializada y tablas verificadas.
2025-11-03 18:55:35,075 - INFO - Base de datos ArkToolsBD.sqlite inicializada y tablas verificadas.
2025-11-03 19:21:40,440 - INFO - Base de datos ArkToolsBD.sqlite inicializada y tablas verificadas.
2025-11-03 19:24:05,105 - INFO - Base de datos ArkToolsBD.sqlite inicializada y tablas verificadas.
2025-11-03 20:07:29,548 - INFO - Base de datos ArkToolsBD.sqlite inicializada y tablas verificadas.
2025-11-03 20:09:28,747 - INFO - Base de datos ArkToolsBD.sqlite inicializada y tablas verificadas.
2025-11-03 20:19:57,683 - INFO - Base de datos ArkToolsBD.sqlite inicializada y tablas verificadas.
2025-11-03 20:20:37,175 - INFO - Base de datos ArkToolsBD.sqlite inicializada y tablas verificadas.
2025-11-03 20:21:23,423 - INFO - Base de datos ArkToolsBD.sqlite inicializada y tablas verificadas.
2025-11-03 21:29:34,773 - INFO - Base de datos ArkToolsBD.sqlite inicializada y tablas verificadas.
2025-11-03 21:45:20,647 - INFO - Base de datos ArkToolsBD.sqlite inicializada y tablas verificadas.
2025-11-03 21:53:51,526 - INFO - Base de datos ArkToolsBD.sqlite inicializada y tablas verificadas.
2025-11-03 21:58:12,317 - INFO - Base de datos ArkToolsBD.sqlite inicializada y tablas verificadas.
2025-11-03 22:04:25,164 - INFO - Base de datos ArkToolsBD.sqlite inicializada y tablas verificadas.
2025-11-03 22:21:25,183 - INFO - Base de datos ArkToolsBD.sqlite inicializada y tablas verificadas.
2025-11-03 23:50:00,894 - INFO - Base de datos ArkToolsBD.sqlite inicializada y tablas verificadas.
2025-11-03 23:51:18,533 - INFO - Base de datos ArkToolsBD.sqlite inicializada y tablas verificadas.
2025-11-04 10:59:57,173 - INFO - Base de datos ArkToolsBD.sqlite inicializada y tablas verificadas.
2025-11-06 21:24:33,989 - INFO - Base de datos ArkToolsBD.sqlite inicializada y tablas verificadas.
2025-11-06 21:48:15,250 - INFO - Base de datos ArkToolsBD.sqlite inicializada y tablas verificadas.
2025-11-06 22:00:52,785 - INFO - Base de datos ArkToolsBD.sqlite inicializada y tablas verificadas.
2025-11-06 23:08:24,955 - INFO - Base de datos ArkToolsBD.sqlite inicializada y tablas verificadas.
2025-11-06 23:20:30,628 - INFO - Base de datos ArkToolsBD.sqlite inicializada y tablas verificadas.
2025-11-10 12:17:22,642 - INFO - Base de datos ArkToolsBD.sqlite inicializada y tablas verificadas.
2025-11-15 19:40:08,288 - INFO - Base de datos ArkToolsBD.sqlite inicializada y tablas verificadas.
2025-11-15 19:46:33,266 - INFO - Base de datos ArkToolsBD.sqlite inicializada y tablas verificadas.
2025-11-15 19:46:40,946 - INFO - Consulta a ark_company ejecutada y resultados mostrados.
2025-11-15 20:07:00,566 - INFO - Consulta a ark_company ejecutada y resultados mostrados.
2025-11-15 20:07:04,446 - INFO - Consulta a ark_company ejecutada y resultados mostrados.
2025-11-15 20:07:28,359 - INFO - Base de datos ArkToolsBD.sqlite inicializada y tablas verificadas.
2025-11-15 20:07:40,447 - INFO - Consulta a ark_company ejecutada y resultados mostrados.
2025-11-15 20:10:02,984 - INFO - Consulta a ark_company ejecutada y resultados mostrados.
2025-11-15 20:11:03,112 - INFO - Consulta a ark_company ejecutada y resultados mostrados.
2025-11-15 20:11:03,968 - INFO - Consulta a ark_company ejecutada y resultados mostrados.
2025-11-15 20:11:15,944 - INFO - Consulta a ark_company ejecutada y resultados mostrados.
2025-11-15 20:11:16,808 - INFO - Consulta a ark_company ejecutada y resultados mostrados.
2025-11-15 20:11:53,368 - INFO - Consulta a ark_company ejecutada y resultados mostrados.
2025-11-15 20:11:54,745 - INFO - Consulta a ark_company ejecutada y resultados mostrados.
2025-11-15 20:11:55,488 - INFO - Consulta a ark_company ejecutada y resultados mostrados.
2025-11-15 20:11:57,832 - INFO - Consulta a ark_company ejecutada y resultados mostrados.
2025-11-15 20:12:11,486 - INFO - Base de datos ArkToolsBD.sqlite inicializada y tablas verificadas.
2025-11-15 20:12:16,152 - INFO - Consulta a ark_company ejecutada y resultados mostrados.
2025-11-15 20:12:48,233 - INFO - Consulta a ark_company ejecutada y resultados mostrados.
2025-11-15 20:12:58,145 - INFO - Consulta a ark_company ejecutada y resultados mostrados.
2025-11-15 20:58:33,526 - INFO - Base de datos ArkToolsBD.sqlite inicializada y tablas verificadas.
2025-11-15 20:59:51,737 - INFO - Base de datos ArkToolsBD.sqlite inicializada y tablas verificadas.
2025-11-15 21:01:14,095 - INFO - Base de datos ArkToolsBD.sqlite inicializada y tablas verificadas.
2025-11-15 23:04:31,612 - INFO - Base de datos ArkToolsBD.sqlite inicializada y tablas verificadas.
2025-11-16 15:06:00,442 - INFO - Base de datos ArkToolsBD.sqlite inicializada y tablas verificadas.
2025-11-16 15:08:53,149 - INFO - Base de datos ArkToolsBD.sqlite inicializada y tablas verificadas.
2025-11-16 15:13:15,838 - INFO - Base de datos ArkToolsBD.sqlite inicializada y tablas verificadas.
2025-11-16 15:13:30,264 - INFO - Base de datos ArkToolsBD.sqlite inicializada y tablas verificadas.
2025-11-16 15:14:02,655 - INFO - Base de datos ArkToolsBD.sqlite inicializada y tablas verificadas.
2025-11-16 15:16:26,462 - INFO - Base de datos ArkToolsBD.sqlite inicializada y tablas verificadas.
2025-11-16 15:17:59,755 - INFO - Base de datos ArkToolsBD.sqlite inicializada y tablas verificadas.
2025-11-16 16:05:06,872 - INFO - Base de datos ArkToolsBD.sqlite inicializada y tablas verificadas.
2025-11-16 16:43:21,059 - INFO - Base de datos ArkToolsBD.sqlite inicializada y tablas verificadas.
2025-11-16 16:49:53,310 - INFO - Base de datos ArkToolsBD.sqlite inicializada y tablas verificadas.
2025-11-16 16:50:52,154 - INFO - Consulta a ark_company ejecutada y resultados mostrados.
2025-11-16 16:51:22,730 - INFO - Consulta a ark_company ejecutada y resultados mostrados.
2025-11-16 17:24:41,765 - INFO - Base de datos ArkToolsBD.sqlite inicializada y tablas verificadas.
2025-11-16 17:28:40,294 - INFO - Base de datos ArkToolsBD.sqlite inicializada y tablas verificadas.
2025-11-16 17:28:47,645 - INFO - Consulta a ark_company ejecutada y resultados mostrados.
2025-11-16 17:29:12,339 - INFO - Se ha solicitado cambiar la configuración regional.
2025-11-16 17:29:14,073 - INFO - Iniciando proceso de cambio de configuración regional.
2025-11-16 17:29:14,077 - INFO - Configuración regional actualizada correctamente.
2025-11-16 17:29:33,589 - INFO - Consulta a ark_company ejecutada y resultados mostrados.
2025-11-16 19:10:03,962 - INFO - Base de datos ArkToolsBD.sqlite inicializada y tablas verificadas.
2025-11-16 19:11:12,588 - INFO - Base de datos ArkToolsBD.sqlite inicializada y tablas verificadas.
2025-11-16 19:15:31,575 - INFO - Base de datos ArkToolsBD.sqlite inicializada y tablas verificadas.
2025-11-16 19:21:03,742 - INFO - Base de datos ArkToolsBD.sqlite inicializada y tablas verificadas.
2025-11-16 19:25:17,968 - INFO - Base de datos ArkToolsBD.sqlite inicializada y tablas verificadas.
2025-11-16 19:30:22,300 - INFO - Base de datos ArkToolsBD.sqlite inicializada y tablas verificadas.
2025-11-16 19:33:33,511 - INFO - Base de datos ArkToolsBD.sqlite inicializada y tablas verificadas.
2025-11-16 19:58:24,280 - INFO - Base de datos ArkToolsBD.sqlite inicializada y tablas verificadas.
2025-11-16 20:01:32,347 - INFO - Base de datos ArkToolsBD.sqlite inicializada y tablas verificadas.
2025-11-16 20:02:21,198 - INFO - Base de datos ArkToolsBD.sqlite inicializada y tablas verificadas.
2025-11-16 20:05:22,887 - INFO - Base de datos ArkToolsBD.sqlite inicializada y tablas verificadas.
2025-11-16 20:16:39,446 - INFO - Base de datos ArkToolsBD.sqlite inicializada y tablas verificadas.
2025-11-16 20:25:15,501 - INFO - Base de datos ArkToolsBD.sqlite inicializada y tablas verificadas.
2025-11-16 20:28:15,935 - INFO - Base de datos ArkToolsBD.sqlite inicializada y tablas verificadas.
2025-11-16 20:37:12,314 - INFO - Base de datos ArkToolsBD.sqlite inicializada y tablas verificadas.
2025-11-16 21:46:54,702 - INFO - Base de datos ArkToolsBD.sqlite inicializada y tablas verificadas.
2025-11-20 22:24:44,806 - INFO - Base de datos ArkToolsBD.sqlite inicializada y tablas verificadas.
2025-11-20 22:24:57,737 - INFO - Consulta a ark_company ejecutada y resultados mostrados.
2025-11-21 21:15:29,473 - INFO - Base de datos ArkToolsBD.sqlite inicializada y tablas verificadas.
2025-11-21 21:18:43,273 - INFO - Base de datos ArkToolsBD.sqlite inicializada y tablas verificadas.
2025-11-21 22:47:08,136 - INFO - Base de datos ArkToolsBD.sqlite inicializada y tablas verificadas.
2025-11-21 23:10:35,052 - INFO - Base de datos ArkToolsBD.sqlite inicializada y tablas verificadas.
2025-11-22 00:45:45,200 - INFO - Base de datos ArkToolsBD.sqlite inicializada y tablas verificadas.
2025-11-22 00:46:32,235 - INFO - Base de datos ArkToolsBD.sqlite inicializada y tablas verificadas.
2025-11-22 20:43:39,612 - INFO - Base de datos ArkToolsBD.sqlite inicializada y tablas verificadas.
2025-11-22 20:52:53,234 - INFO - Base de datos ArkToolsBD.sqlite inicializada y tablas verificadas.
2025-11-22 20:57:52,103 - INFO - Base de datos ArkToolsBD.sqlite inicializada y tablas verificadas.
2025-11-22 20:59:49,918 - INFO - Base de datos ArkToolsBD.sqlite inicializada y tablas verificadas.
2025-11-22 21:01:50,860 - INFO - Base de datos ArkToolsBD.sqlite inicializada y tablas verificadas.
2025-11-22 21:04:58,832 - INFO - Base de datos ArkToolsBD.sqlite inicializada y tablas verificadas.
2025-11-22 21:08:05,836 - INFO - Base de datos ArkToolsBD.sqlite inicializada y tablas verificadas.
2025-11-22 21:09:57,750 - INFO - Base de datos ArkToolsBD.sqlite inicializada y tablas verificadas.
2025-11-22 22:02:32,871 - INFO - Base de datos ArkToolsBD.sqlite inicializada y tablas verificadas.
2025-11-22 22:03:22,575 - INFO - Base de datos ArkToolsBD.sqlite inicializada y tablas verificadas.
2025-11-22 22:04:50,951 - INFO - Base de datos ArkToolsBD.sqlite inicializada y tablas verificadas.
2025-11-22 22:05:12,959 - INFO - Consulta a ark_company ejecutada y resultados mostrados.
2025-11-22 22:33:23,852 - INFO - Base de datos ArkToolsBD.sqlite inicializada y tablas verificadas.
2025-11-22 22:41:31,572 - INFO - Base de datos ArkToolsBD.sqlite inicializada y tablas verificadas.
2025-11-22 22:44:31,838 - INFO - Base de datos ArkToolsBD.sqlite inicializada y tablas verificadas.
2025-11-23 21:08:34,969 - INFO - Base de datos ArkToolsBD.sqlite inicializada y tablas verificadas.
2025-11-23 21:16:02,011 - INFO - Base de datos ArkToolsBD.sqlite inicializada y tablas verificadas.
2025-11-23 21:22:11,558 - INFO - Base de datos ArkToolsBD.sqlite inicializada y tablas verificadas.
2025-11-23 21:43:52,497 - INFO - Base de datos ArkToolsBD.sqlite inicializada y tablas verificadas.
2025-11-23 22:00:23,432 - INFO - Base de datos ArkToolsBD.sqlite inicializada y tablas verificadas.
2025-11-23 23:42:15,665 - INFO - Base de datos ArkToolsBD.sqlite inicializada y tablas verificadas.
2025-11-23 23:53:38,568 - INFO - Base de datos ArkToolsBD.sqlite inicializada y tablas verificadas.
2025-11-27 22:52:41,739 - INFO - Base de datos ArkToolsBD.sqlite inicializada y tablas verificadas.
2025-11-28 19:23:35,031 - INFO - Base de datos ArkToolsBD.sqlite inicializada y tablas verificadas.
2025-11-28 19:30:18,686 - INFO - Base de datos ArkToolsBD.sqlite inicializada y tablas verificadas.
2025-11-28 20:29:23,948 - INFO - Base de datos ArkToolsBD.sqlite inicializada y tablas verificadas.
2025-11-28 20:29:35,011 - ERROR - Página no encontrada: frm_form_clients
2025-11-28 20:38:33,503 - INFO - Base de datos ArkToolsBD.sqlite inicializada y tablas verificadas.
2025-11-28 23:38:07,849 - INFO - Base de datos ArkToolsBD.sqlite inicializada y tablas verificadas.
2025-11-28 23:38:15,765 - INFO - Página encontrada: frm_form_company
2025-11-28 23:38:21,740 - ERROR - Página no encontrada: frm_form_clients
2025-11-28 23:38:23,173 - INFO - Página encontrada: frm_form_company
2025-11-28 23:39:14,997 - INFO - Página encontrada: frm_form_company
2025-11-28 23:41:14,104 - INFO - Base de datos ArkToolsBD.sqlite inicializada y tablas verificadas.
2025-11-28 23:41:19,926 - INFO - Página encontrada: frm_form_company
2025-11-28 23:43:37,191 - INFO - Base de datos ArkToolsBD.sqlite inicializada y tablas verificadas.
2025-11-28 23:43:46,143 - INFO - Página encontrada: frm_form_company
2025-11-29 14:10:25,851 - INFO - Base de datos ArkToolsBD.sqlite inicializada y tablas verificadas.
2025-11-29 14:12:05,915 - INFO - Página encontrada: frm_form_company
2025-11-29 14:12:08,914 - ERROR - Página no encontrada: frm_form_clients
2025-11-29 14:12:10,818 - ERROR - Página no encontrada: frm_form_clients
2025-11-29 14:12:12,058 - INFO - Página encontrada: frm_form_company
2025-11-29 14:12:13,282 - ERROR - Página no encontrada: frm_form_clients
2025-11-29 14:12:14,034 - INFO - Página encontrada: frm_form_company
2025-11-29 14:12:15,690 - ERROR - Página no encontrada: frm_form_clients
2025-11-29 14:13:54,833 - INFO - Base de datos ArkToolsBD.sqlite inicializada y tablas verificadas.
2025-11-29 14:13:59,908 - ERROR - Página no encontrada: frm_form_clients
2025-11-29 14:14:04,651 - INFO - Página encontrada: frm_form_company
2025-11-29 14:14:06,435 - INFO - Página encontrada: frm_form_company
2025-11-29 14:14:10,155 - ERROR - Página no encontrada: frm_form_clients
2025-11-29 14:14:10,859 - INFO - Página encontrada: frm_form_company
2025-11-29 14:22:16,084 - INFO - Base de datos ArkToolsBD.sqlite inicializada y tablas verificadas.
2025-11-29 14:22:21,087 - INFO - Página encontrada: frm_form_company
2025-11-29 14:22:23,238 - ERROR - Página no encontrada: frm_form_clients
2025-11-29 14:22:26,630 - INFO - Página encontrada: frm_form_company
2025-11-29 14:22:27,575 - ERROR - Página no encontrada: frm_form_clients
2025-11-29 14:22:28,511 - INFO - Página encontrada: frm_form_company
2025-11-29 14:22:29,231 - ERROR - Página no encontrada: frm_form_clients
2025-11-29 14:22:29,926 - ERROR - Página no encontrada: frm_form_currencies
2025-11-29 14:22:30,870 - ERROR - Página no encontrada: frm_form_clients
2025-11-29 14:29:37,294 - INFO - Base de datos ArkToolsBD.sqlite inicializada y tablas verificadas.
2025-11-29 14:29:41,937 - INFO - Página encontrada: page_frm_company
2025-11-29 14:29:43,209 - INFO - Página encontrada: page_frm_company
2025-11-29 14:29:44,922 - INFO - Página encontrada: page_frm_clients
2025-11-29 14:29:46,129 - INFO - Página encontrada: page_frm_company
2025-11-29 14:38:49,074 - INFO - Base de datos ArkToolsBD.sqlite inicializada y tablas verificadas.
2025-11-29 14:38:53,565 - INFO - Página encontrada: page_frm_company
2025-11-29 14:38:54,837 - INFO - Página encontrada: page_frm_clients
2025-11-29 14:38:55,733 - INFO - Página encontrada: page_frm_company
2025-11-29 14:53:18,450 - INFO - Base de datos ArkToolsBD.sqlite inicializada y tablas verificadas.
2025-11-29 14:53:23,483 - INFO - Página encontrada: page_frm_company
2025-11-29 14:53:24,499 - INFO - Página encontrada: page_frm_clients
2025-11-29 14:53:25,683 - INFO - Página encontrada: page_frm_company
2025-11-29 15:18:43,273 - INFO - Base de datos ArkToolsBD.sqlite inicializada y tablas verificadas.
2025-11-29 15:18:59,937 - INFO - Base de datos ArkToolsBD.sqlite inicializada y tablas verificadas.
2025-11-29 15:19:40,096 - INFO - Base de datos ArkToolsBD.sqlite inicializada y tablas verificadas.
2025-11-29 15:20:27,253 - INFO - Base de datos ArkToolsBD.sqlite inicializada y tablas verificadas.
2025-11-29 15:27:53,628 - INFO - Base de datos ArkToolsBD.sqlite inicializada y tablas verificadas.
2025-11-29 15:27:59,969 - INFO - Página encontrada: page_frm_company
2025-11-29 15:28:01,913 - INFO - Página encontrada: page_frm_clients
2025-11-29 15:28:04,161 - INFO - Página encontrada: page_frm_company
2025-11-29 15:28:06,041 - INFO - Página encontrada: page_frm_clients
2025-11-29 15:28:07,841 - INFO - Página encontrada: page_frm_company
2025-11-29 15:28:10,697 - INFO - Página encontrada: page_frm_clients
2025-11-29 15:38:59,220 - INFO - Base de datos ArkToolsBD.sqlite inicializada y tablas verificadas.
2025-11-29 15:39:03,894 - INFO - Página encontrada: page_frm_company
2025-11-29 15:39:08,445 - INFO - Página encontrada: page_frm_clients
2025-11-29 15:39:10,557 - INFO - Página encontrada: page_frm_company
2025-11-29 15:39:12,237 - INFO - Página encontrada: page_frm_clients
2025-11-29 15:39:14,454 - INFO - Página encontrada: page_frm_company
2025-11-29 15:39:16,006 - INFO - Página encontrada: page_frm_clients
2025-11-29 15:39:17,142 - INFO - Página encontrada: page_frm_company
2025-11-29 15:41:09,822 - INFO - Base de datos ArkToolsBD.sqlite inicializada y tablas verificadas.
2025-11-29 15:41:15,839 - INFO - Página encontrada: page_frm_company
2025-11-29 15:41:17,958 - INFO - Página encontrada: page_frm_clients
2025-11-29 15:41:19,718 - INFO - Página encontrada: page_frm_company
2025-11-29 15:41:21,142 - INFO - Página encontrada: page_frm_clients
2025-11-29 15:41:22,158 - INFO - Página encontrada: page_frm_company
2025-11-29 15:41:23,662 - INFO - Página encontrada: page_frm_clients
2025-11-29 15:41:25,494 - INFO - Página encontrada: page_frm_company
2025-11-29 15:41:28,686 - INFO - Página encontrada: page_frm_clients
2025-11-29 15:41:29,694 - INFO - Página encontrada: page_frm_company
2025-11-29 15:41:30,942 - INFO - Página encontrada: page_frm_clients
2025-11-29 15:41:31,999 - ERROR - Página no encontrada: page_frm_currencies
2025-11-29 15:41:33,167 - INFO - Página encontrada: page_frm_company
2025-11-29 15:56:48,965 - INFO - Base de datos ArkToolsBD.sqlite inicializada y tablas verificadas.
2025-11-29 15:56:54,597 - INFO - Página encontrada: page_frm_company
2025-11-29 15:56:56,381 - INFO - Página encontrada: page_frm_clients
2025-11-29 15:56:58,861 - INFO - Página encontrada: page_frm_company
2025-11-29 15:57:01,085 - INFO - Página encontrada: page_frm_clients
2025-11-29 15:57:04,509 - INFO - Página encontrada: page_frm_company
2025-11-29 15:57:17,125 - INFO - Página encontrada: page_frm_clients
2025-11-29 15:57:37,901 - ERROR - Página no encontrada: page_frm_currencies
2025-11-29 15:57:39,181 - ERROR - Página no encontrada: page_frm_currencies
2025-11-29 15:57:40,149 - INFO - Página encontrada: page_frm_clients
2025-11-29 15:57:40,701 - INFO - Página encontrada: page_frm_company
2025-11-29 15:57:41,525 - INFO - Página encontrada: page_frm_clients
2025-11-29 18:59:06,521 - INFO - Base de datos ArkToolsBD.sqlite inicializada y tablas verificadas.
2025-11-29 18:59:12,071 - INFO - Página encontrada: page_frm_company
2025-11-29 18:59:13,519 - INFO - Página encontrada: page_frm_clients
2025-11-29 18:59:14,655 - INFO - Página encontrada: page_frm_currencies
2025-11-29 18:59:15,767 - INFO - Página encontrada: page_frm_action_categories
2025-11-29 18:59:15,767 - INFO - Página encontrada: page_frm_action_categories
2025-11-29 18:59:17,191 - INFO - Página encontrada: page_frm_functional_units
2025-11-29 18:59:21,943 - INFO - Página encontrada: page_frm_actions
2025-11-29 18:59:24,695 - INFO - Página encontrada: page_frm_employees
2025-11-29 18:59:32,359 - INFO - Página encontrada: page_frm_device_types
2025-11-29 18:59:38,607 - INFO - Página encontrada: page_frm_it_assets
2025-11-29 18:59:41,255 - INFO - Página encontrada: page_frm_job_titles
2025-11-29 18:59:44,799 - INFO - Página encontrada: page_frm_requests
2025-11-29 18:59:46,495 - INFO - Página encontrada: page_frm_sessions
2025-11-29 18:59:48,063 - INFO - Página encontrada: page_frm_users
2025-11-29 19:23:58,837 - INFO - Base de datos ArkToolsBD.sqlite inicializada y tablas verificadas.
2025-11-29 19:24:03,345 - INFO - Página encontrada: page_frm_company
2025-11-29 19:24:04,625 - INFO - Página encontrada: page_frm_clients
2025-11-29 19:24:05,897 - INFO - Página encontrada: page_frm_currencies
2025-11-29 19:24:07,185 - INFO - Página encontrada: page_frm_action_categories
2025-11-29 19:24:07,185 - INFO - Página encontrada: page_frm_action_categories
2025-11-29 19:24:08,401 - INFO - Página encontrada: page_frm_functional_units
2025-11-29 19:24:12,833 - INFO - Página encontrada: page_frm_actions
2025-11-29 19:24:14,489 - INFO - Página encontrada: page_frm_employees
2025-11-29 19:24:15,737 - INFO - Página encontrada: page_frm_device_types
2025-11-29 19:24:33,018 - INFO - Base de datos ArkToolsBD.sqlite inicializada y tablas verificadas.
2025-11-29 19:24:39,673 - INFO - Página encontrada: page_frm_clients
2025-11-29 19:24:40,937 - INFO - Página encontrada: page_frm_currencies
2025-11-29 19:24:42,137 - INFO - Página encontrada: page_frm_action_categories
2025-11-29 19:24:42,137 - INFO - Página encontrada: page_frm_action_categories
2025-11-29 19:24:43,153 - INFO - Página encontrada: page_frm_functional_units
2025-11-29 19:24:50,081 - INFO - Página encontrada: page_frm_device_types
2025-11-29 19:25:47,449 - INFO - Base de datos ArkToolsBD.sqlite inicializada y tablas verificadas.
2025-11-29 19:25:51,778 - INFO - Página encontrada: page_frm_currencies
2025-11-29 19:25:53,097 - INFO - Página encontrada: page_frm_action_categories
2025-11-29 19:25:53,098 - INFO - Página encontrada: page_frm_action_categories
2025-11-29 19:25:54,817 - INFO - Página encontrada: page_frm_functional_units
2025-11-29 19:29:37,779 - INFO - Página encontrada: page_frm_device_types
2025-11-29 19:31:34,665 - INFO - Base de datos ArkToolsBD.sqlite inicializada y tablas verificadas.
2025-11-29 19:31:44,021 - INFO - Página encontrada: page_frm_functional_units
2025-11-29 19:31:47,964 - INFO - Página encontrada: page_frm_device_types
2025-11-29 19:31:50,716 - INFO - Página encontrada: page_frm_it_assets
2025-11-29 19:31:52,140 - INFO - Página encontrada: page_frm_job_titles
2025-11-29 19:31:53,556 - INFO - Página encontrada: page_frm_requests
2025-11-29 19:31:56,628 - INFO - Página encontrada: page_frm_sessions
2025-11-29 19:31:58,404 - INFO - Página encontrada: page_frm_users
2025-11-29 20:50:31,725 - INFO - Base de datos ArkToolsBD.sqlite inicializada y tablas verificadas.
2025-11-29 20:50:39,195 - INFO - Página encontrada: page_frm_action_categories
2025-11-29 20:50:39,195 - INFO - Página encontrada: page_frm_action_categories
2025-11-29 21:03:23,219 - INFO - Base de datos ArkToolsBD.sqlite inicializada y tablas verificadas.
2025-11-29 21:03:31,992 - INFO - Página encontrada: page_frm_company
2025-11-29 21:07:47,084 - INFO - Base de datos ArkToolsBD.sqlite inicializada y tablas verificadas.
2025-11-29 21:07:54,137 - INFO - Página encontrada: page_frm_company
2025-11-29 21:08:34,067 - INFO - Base de datos ArkToolsBD.sqlite inicializada y tablas verificadas.
2025-11-29 21:09:19,282 - INFO - Página encontrada: page_frm_company
2025-11-29 21:34:00,018 - INFO - Base de datos ArkToolsBD.sqlite inicializada y tablas verificadas.
2025-11-29 21:41:51,767 - INFO - Base de datos ArkToolsBD.sqlite inicializada y tablas verificadas.
2025-11-29 21:41:59,070 - INFO - Página encontrada: page_frm_company
2025-11-29 23:08:31,960 - INFO - Base de datos ArkToolsBD.sqlite inicializada y tablas verificadas.
2025-11-29 23:08:37,329 - INFO - Página encontrada: page_frm_company
2025-11-29 23:08:40,728 - INFO - Página encontrada: page_frm_clients
2025-11-29 23:08:42,240 - INFO - Página encontrada: page_frm_currencies
2025-11-29 23:08:43,928 - INFO - Página encontrada: page_frm_action_categories
2025-11-29 23:08:43,928 - INFO - Página encontrada: page_frm_action_categories
2025-11-29 23:08:45,976 - INFO - Página encontrada: page_frm_company
2025-11-29 23:25:49,844 - INFO - Base de datos ArkToolsBD.sqlite inicializada y tablas verificadas.
2025-11-29 23:25:55,775 - INFO - Página encontrada: page_frm_company
2025-11-29 23:25:57,566 - INFO - Página encontrada: page_frm_clients
2025-11-29 23:25:58,494 - INFO - Página encontrada: page_frm_currencies
2025-11-29 23:25:59,399 - INFO - Página encontrada: page_frm_action_categories
2025-11-29 23:25:59,399 - INFO - Página encontrada: page_frm_action_categories
2025-11-29 23:25:59,951 - INFO - Página encontrada: page_frm_functional_units
2025-11-29 23:26:00,711 - INFO - Página encontrada: page_frm_actions
2025-11-29 23:26:01,559 - INFO - Página encontrada: page_frm_employees
2025-11-29 23:26:02,246 - INFO - Página encontrada: page_frm_device_types
2025-11-29 23:26:02,934 - INFO - Página encontrada: page_frm_it_assets
2025-11-29 23:26:03,598 - INFO - Página encontrada: page_frm_job_titles
2025-11-29 23:26:04,191 - INFO - Página encontrada: page_frm_requests
2025-11-29 23:26:04,775 - INFO - Página encontrada: page_frm_sessions
2025-11-29 23:26:05,414 - INFO - Página encontrada: page_frm_users
2025-11-29 23:31:59,993 - INFO - Base de datos ArkToolsBD.sqlite inicializada y tablas verificadas.
2025-11-29 23:32:33,121 - INFO - Página encontrada: page_frm_company
2025-11-30 00:12:19,107 - INFO - Base de datos ArkToolsBD.sqlite inicializada y tablas verificadas.
2025-11-30 00:12:25,010 - INFO - Página encontrada: page_frm_company
2025-11-30 00:13:39,980 - INFO - Base de datos ArkToolsBD.sqlite inicializada y tablas verificadas.
2025-11-30 00:13:45,690 - INFO - Página encontrada: page_frm_company
2025-11-30 00:17:04,650 - INFO - Base de datos ArkToolsBD.sqlite inicializada y tablas verificadas.
2025-11-30 00:17:10,355 - INFO - Página encontrada: page_frm_company
2025-11-30 00:25:56,139 - INFO - Base de datos ArkToolsBD.sqlite inicializada y tablas verificadas.
2025-11-30 00:26:04,471 - INFO - Página encontrada: page_frm_clients
2025-12-05 13:06:01,086 - INFO - Base de datos ArkToolsBD.sqlite inicializada y tablas verificadas.
2025-12-05 13:06:06,854 - INFO - Página encontrada: page_frm_company
2025-12-05 13:06:32,262 - INFO - Página encontrada: page_frm_clients
2025-12-05 13:06:33,702 - INFO - Página encontrada: page_frm_currencies
2025-12-05 13:06:34,766 - INFO - Página encontrada: page_frm_action_categories
2025-12-05 13:06:34,766 - INFO - Página encontrada: page_frm_action_categories
2025-12-05 13:06:35,862 - INFO - Página encontrada: page_frm_functional_units
2025-12-05 13:06:36,846 - INFO - Página encontrada: page_frm_actions
2025-12-05 13:06:38,438 - INFO - Página encontrada: page_frm_actions
2025-12-05 13:06:39,206 - INFO - Página encontrada: page_frm_employees
2025-12-05 13:06:40,118 - INFO - Página encontrada: page_frm_device_types
2025-12-05 13:06:40,990 - INFO - Página encontrada: page_frm_it_assets
2025-12-05 13:06:41,702 - INFO - Página encontrada: page_frm_job_titles
2025-12-05 13:06:42,422 - INFO - Página encontrada: page_frm_requests
2025-12-05 13:06:43,198 - INFO - Página encontrada: page_frm_sessions
2025-12-05 13:06:44,318 - INFO - Página encontrada: page_frm_users
2025-12-05 13:21:32,740 - INFO - Base de datos ArkToolsBD.sqlite inicializada y tablas verificadas.
2025-12-05 13:21:38,737 - INFO - Página encontrada: page_frm_company
2025-12-05 13:25:37,298 - INFO - Base de datos ArkToolsBD.sqlite inicializada y tablas verificadas.
2025-12-05 13:25:43,035 - INFO - Página encontrada: page_frm_company
2025-12-05 13:27:20,289 - INFO - Base de datos ArkToolsBD.sqlite inicializada y tablas verificadas.
2025-12-05 13:27:25,629 - INFO - Página encontrada: page_frm_company
2025-12-05 13:28:16,448 - INFO - Base de datos ArkToolsBD.sqlite inicializada y tablas verificadas.
2025-12-05 13:28:20,941 - INFO - Página encontrada: page_frm_company
2025-12-05 13:28:29,533 - INFO - Página encontrada: page_frm_clients
2025-12-05 13:28:30,853 - INFO - Página encontrada: page_frm_currencies
2025-12-05 13:28:31,813 - INFO - Página encontrada: page_frm_action_categories
2025-12-05 13:28:31,813 - INFO - Página encontrada: page_frm_action_categories
2025-12-05 13:28:32,821 - INFO - Página encontrada: page_frm_functional_units
2025-12-05 13:28:33,741 - INFO - Página encontrada: page_frm_actions
2025-12-05 13:28:34,701 - INFO - Página encontrada: page_frm_employees
2025-12-05 13:28:35,629 - INFO - Página encontrada: page_frm_device_types
2025-12-05 13:28:36,397 - INFO - Página encontrada: page_frm_it_assets
2025-12-05 13:28:37,149 - INFO - Página encontrada: page_frm_job_titles
2025-12-05 13:28:37,813 - INFO - Página encontrada: page_frm_requests
2025-12-05 13:28:38,421 - INFO - Página encontrada: page_frm_sessions
2025-12-05 13:28:40,093 - INFO - Página encontrada: page_frm_users
2025-12-05 13:32:01,676 - INFO - Base de datos ArkToolsBD.sqlite inicializada y tablas verificadas.
2025-12-05 13:32:08,840 - INFO - Página encontrada: page_frm_company
2025-12-05 13:32:12,768 - INFO - Página encontrada: page_frm_clients
2025-12-05 13:32:14,888 - INFO - Página encontrada: page_frm_currencies
2025-12-05 13:32:16,136 - INFO - Página encontrada: page_frm_action_categories
2025-12-05 13:32:16,136 - INFO - Página encontrada: page_frm_action_categories
2025-12-05 13:32:17,456 - INFO - Página encontrada: page_frm_functional_units
2025-12-05 13:32:18,632 - INFO - Página encontrada: page_frm_actions
2025-12-05 13:32:19,848 - INFO - Página encontrada: page_frm_employees
2025-12-05 13:32:20,912 - INFO - Página encontrada: page_frm_device_types
2025-12-05 13:32:22,112 - INFO - Página encontrada: page_frm_it_assets
2025-12-05 13:32:23,160 - INFO - Página encontrada: page_frm_job_titles
2025-12-05 13:32:24,344 - INFO - Página encontrada: page_frm_requests
2025-12-05 13:32:25,537 - INFO - Página encontrada: page_frm_sessions
2025-12-05 13:32:27,280 - INFO - Página encontrada: page_frm_users
2025-12-05 13:32:28,384 - INFO - Página encontrada: page_frm_clients
2025-12-05 13:33:29,401 - INFO - Página encontrada: page_frm_currencies
2025-12-05 13:33:31,753 - INFO - Página encontrada: page_frm_action_categories
2025-12-05 13:33:31,753 - INFO - Página encontrada: page_frm_action_categories
2025-12-05 13:34:01,202 - INFO - Página encontrada: page_frm_currencies
2025-12-05 13:34:02,249 - INFO - Página encontrada: page_frm_clients
2025-12-05 13:34:02,977 - INFO - Página encontrada: page_frm_company
2025-12-05 13:34:04,017 - INFO - Página encontrada: page_frm_clients
2025-12-05 13:34:04,929 - INFO - Página encontrada: page_frm_currencies
2025-12-05 13:34:06,025 - INFO - Página encontrada: page_frm_action_categories
2025-12-05 13:34:06,025 - INFO - Página encontrada: page_frm_action_categories
2025-12-05 13:34:07,945 - INFO - Página encontrada: page_frm_functional_units
2025-12-05 13:34:09,801 - INFO - Página encontrada: page_frm_actions
2025-12-05 13:34:37,441 - INFO - Página encontrada: page_frm_employees
2025-12-05 13:34:39,601 - INFO - Página encontrada: page_frm_device_types
2025-12-05 13:34:41,609 - INFO - Página encontrada: page_frm_it_assets
2025-12-05 13:34:43,001 - INFO - Página encontrada: page_frm_job_titles
2025-12-05 13:35:25,667 - INFO - Página encontrada: page_frm_requests
2025-12-05 13:35:27,698 - INFO - Página encontrada: page_frm_sessions
2025-12-05 13:35:30,194 - INFO - Página encontrada: page_frm_users
2025-12-05 13:36:04,539 - INFO - Base de datos ArkToolsBD.sqlite inicializada y tablas verificadas.
2025-12-05 13:36:10,058 - INFO - Página encontrada: page_frm_company
2025-12-05 13:36:11,354 - INFO - Página encontrada: page_frm_clients
2025-12-05 13:36:12,323 - INFO - Página encontrada: page_frm_currencies
2025-12-05 13:36:13,130 - INFO - Página encontrada: page_frm_action_categories
2025-12-05 13:36:13,131 - INFO - Página encontrada: page_frm_action_categories
2025-12-05 13:36:13,882 - INFO - Página encontrada: page_frm_functional_units
2025-12-05 13:36:14,626 - INFO - Página encontrada: page_frm_actions
2025-12-05 13:36:15,362 - INFO - Página encontrada: page_frm_employees
2025-12-05 13:36:16,034 - INFO - Página encontrada: page_frm_device_types
2025-12-05 13:36:17,050 - INFO - Página encontrada: page_frm_it_assets
2025-12-05 13:36:18,114 - INFO - Página encontrada: page_frm_job_titles
2025-12-05 13:36:18,810 - INFO - Página encontrada: page_frm_requests
2025-12-05 13:36:19,594 - INFO - Página encontrada: page_frm_sessions
2025-12-05 13:36:20,898 - INFO - Página encontrada: page_frm_users
2025-12-05 13:36:31,995 - INFO - Página encontrada: page_frm_company
2025-12-05 13:36:33,211 - INFO - Página encontrada: page_frm_clients
2025-12-05 13:36:34,275 - INFO - Página encontrada: page_frm_currencies
2025-12-05 13:36:35,499 - INFO - Página encontrada: page_frm_action_categories
2025-12-05 13:36:35,499 - INFO - Página encontrada: page_frm_action_categories
2025-12-05 13:36:36,418 - INFO - Página encontrada: page_frm_functional_units
2025-12-05 13:36:37,330 - INFO - Página encontrada: page_frm_actions
2025-12-05 13:36:38,363 - INFO - Página encontrada: page_frm_employees
2025-12-05 13:36:39,875 - INFO - Página encontrada: page_frm_device_types
2025-12-05 13:36:40,716 - INFO - Página encontrada: page_frm_it_assets
2025-12-05 13:36:42,251 - INFO - Página encontrada: page_frm_job_titles
2025-12-05 13:36:43,275 - INFO - Página encontrada: page_frm_requests
2025-12-05 13:36:44,827 - INFO - Página encontrada: page_frm_sessions
2025-12-05 13:36:46,467 - INFO - Página encontrada: page_frm_users
2025-12-05 14:20:08,704 - INFO - Base de datos ArkToolsBD.sqlite inicializada y tablas verificadas.
2025-12-05 14:20:52,483 - INFO - Página encontrada: page_frm_company
2025-12-05 14:20:54,115 - INFO - Página encontrada: page_frm_clients
2025-12-05 14:20:55,235 - INFO - Página encontrada: page_frm_currencies
2025-12-05 14:20:56,187 - INFO - Página encontrada: page_frm_action_categories
2025-12-05 14:20:56,187 - INFO - Página encontrada: page_frm_action_categories
2025-12-05 14:20:57,075 - INFO - Página encontrada: page_frm_functional_units
2025-12-05 14:20:57,818 - INFO - Página encontrada: page_frm_actions
2025-12-05 14:20:58,634 - INFO - Página encontrada: page_frm_employees
2025-12-05 14:20:59,394 - INFO - Página encontrada: page_frm_device_types
2025-12-05 14:21:00,234 - INFO - Página encontrada: page_frm_it_assets
2025-12-05 14:21:00,986 - INFO - Página encontrada: page_frm_job_titles
2025-12-05 14:21:02,066 - INFO - Página encontrada: page_frm_requests
2025-12-05 14:21:03,314 - INFO - Página encontrada: page_frm_sessions
2025-12-05 14:21:04,051 - INFO - Página encontrada: page_frm_users
2025-12-05 14:22:19,411 - INFO - Página encontrada: page_frm_company
2025-12-05 16:47:46,422 - INFO - Base de datos ArkToolsBD.sqlite inicializada y tablas verificadas.
2025-12-05 16:47:58,049 - INFO - Página encontrada: page_frm_company
2025-12-05 16:48:37,752 - INFO - Página encontrada: page_frm_device_types
2025-12-05 17:24:49,449 - INFO - Base de datos ArkToolsBD.sqlite inicializada y tablas verificadas.
2025-12-05 17:45:13,540 - INFO - Base de datos ArkToolsBD.sqlite inicializada y tablas verificadas.
2025-12-05 17:46:12,023 - INFO - Base de datos ArkToolsBD.sqlite inicializada y tablas verificadas.
2025-12-05 17:46:34,107 - INFO - Base de datos ArkToolsBD.sqlite inicializada y tablas verificadas.
2025-12-05 17:58:34,631 - INFO - Base de datos ArkToolsBD.sqlite inicializada y tablas verificadas.
2025-12-05 17:59:49,769 - INFO - Base de datos ArkToolsBD.sqlite inicializada y tablas verificadas.
2025-12-05 18:00:39,789 - INFO - Base de datos ArkToolsBD.sqlite inicializada y tablas verificadas.
2025-12-05 18:27:48,700 - INFO - Base de datos ArkToolsBD.sqlite inicializada y tablas verificadas.
2025-12-05 20:02:33,005 - INFO - Base de datos ArkToolsBD.sqlite inicializada y tablas verificadas.
2025-12-05 20:26:29,022 - INFO - Base de datos ArkToolsBD.sqlite inicializada y tablas verificadas.
2025-12-05 20:27:09,934 - INFO - Base de datos ArkToolsBD.sqlite inicializada y tablas verificadas.
2025-12-05 20:34:07,860 - INFO - Base de datos ArkToolsBD.sqlite inicializada y tablas verificadas.
2025-12-05 20:35:06,161 - INFO - Base de datos ArkToolsBD.sqlite inicializada y tablas verificadas.
2025-12-05 20:35:17,301 - INFO - Página encontrada: page_frm_company
2025-12-05 20:35:19,830 - INFO - Página encontrada: page_frm_clients
2025-12-05 20:35:21,149 - INFO - Página encontrada: page_frm_currencies
2025-12-05 20:35:22,157 - INFO - Página encontrada: page_frm_action_categories
2025-12-05 20:35:22,157 - INFO - Página encontrada: page_frm_action_categories
2025-12-05 20:35:22,941 - INFO - Página encontrada: page_frm_functional_units
2025-12-05 20:35:23,861 - INFO - Página encontrada: page_frm_actions
2025-12-05 20:35:24,677 - INFO - Página encontrada: page_frm_employees
2025-12-05 20:35:25,309 - INFO - Página encontrada: page_frm_device_types
2025-12-05 20:35:25,957 - INFO - Página encontrada: page_frm_it_assets
2025-12-05 20:35:27,157 - INFO - Página encontrada: page_frm_job_titles
2025-12-05 20:35:27,733 - INFO - Página encontrada: page_frm_requests
2025-12-05 20:35:28,389 - INFO - Página encontrada: page_frm_sessions
2025-12-05 20:35:29,093 - INFO - Página encontrada: page_frm_users
2025-12-05 20:35:34,230 - INFO - Se ha solicitado cambiar la configuración regional.
2025-12-05 20:35:41,442 - INFO - Iniciando proceso de cambio de configuración regional.
2025-12-05 20:35:41,458 - INFO - Configuración regional actualizada correctamente.
2025-12-05 20:35:57,166 - INFO - Consulta a ark_company ejecutada y resultados mostrados.
2025-12-05 21:18:54,510 - INFO - Base de datos ArkToolsBD.sqlite inicializada y tablas verificadas.
2025-12-05 21:19:00,170 - INFO - Se ha solicitado cambiar la configuración regional.
2025-12-05 21:19:01,789 - INFO - Iniciando proceso de cambio de configuración regional.
2025-12-05 21:19:01,790 - INFO - Configuración regional actualizada correctamente.
2025-12-05 21:19:06,299 - INFO - Consulta a ark_company ejecutada y resultados mostrados.
2025-12-05 21:50:26,796 - INFO - Base de datos ArkToolsBD.sqlite inicializada y tablas verificadas.
2025-12-05 21:50:34,574 - INFO - Página encontrada: page_frm_action_categories
2025-12-05 21:50:34,574 - INFO - Página encontrada: page_frm_action_categories
2025-12-05 21:50:46,686 - INFO - Página encontrada: page_frm_company
2025-12-05 21:50:48,982 - INFO - Página encontrada: page_frm_clients
2025-12-05 21:50:50,142 - INFO - Página encontrada: page_frm_currencies
2025-12-05 21:50:50,766 - INFO - Página encontrada: page_frm_company
2025-12-05 21:50:51,758 - INFO - Página encontrada: page_frm_clients
2025-12-05 21:50:53,814 - INFO - Página encontrada: page_frm_action_categories
2025-12-05 21:50:53,814 - INFO - Página encontrada: page_frm_action_categories
2025-12-05 22:00:12,443 - INFO - Base de datos ArkToolsBD.sqlite inicializada y tablas verificadas.
2025-12-05 22:00:17,396 - INFO - Página encontrada: page_frm_company
2025-12-05 22:00:21,869 - INFO - Página encontrada: page_frm_clients
2025-12-05 22:00:23,036 - INFO - Página encontrada: page_frm_currencies
2025-12-05 22:00:24,164 - INFO - Página encontrada: page_frm_action_categories
2025-12-05 22:00:24,164 - INFO - Página encontrada: page_frm_action_categories
2025-12-05 22:00:27,396 - INFO - Página encontrada: page_frm_company
2025-12-05 22:00:28,932 - INFO - Página encontrada: page_frm_clients
2025-12-05 22:00:30,212 - INFO - Página encontrada: page_frm_currencies
2025-12-05 22:00:31,252 - INFO - Página encontrada: page_frm_action_categories
2025-12-05 22:00:31,253 - INFO - Página encontrada: page_frm_action_categories
2025-12-05 22:00:32,412 - INFO - Página encontrada: page_frm_functional_units
2025-12-05 22:00:33,540 - INFO - Página encontrada: page_frm_actions
2025-12-05 22:00:35,372 - INFO - Página encontrada: page_frm_employees
2025-12-05 22:00:36,732 - INFO - Página encontrada: page_frm_company
2025-12-05 22:00:37,812 - INFO - Página encontrada: page_frm_clients
2025-12-05 22:00:38,588 - INFO - Página encontrada: page_frm_action_categories
2025-12-05 22:00:38,588 - INFO - Página encontrada: page_frm_action_categories
2025-12-05 22:00:52,172 - INFO - Página encontrada: page_frm_functional_units
2025-12-05 22:00:53,237 - INFO - Página encontrada: page_frm_actions
2025-12-05 22:00:54,212 - INFO - Página encontrada: page_frm_employees
2025-12-05 22:00:55,700 - INFO - Página encontrada: page_frm_it_assets
2025-12-05 22:00:56,396 - INFO - Página encontrada: page_frm_device_types
2025-12-05 22:00:57,348 - INFO - Página encontrada: page_frm_job_titles
2025-12-05 22:00:58,164 - INFO - Página encontrada: page_frm_requests
2025-12-05 22:00:59,068 - INFO - Página encontrada: page_frm_sessions
2025-12-05 22:01:00,038 - INFO - Página encontrada: page_frm_users
2025-12-05 22:01:10,052 - INFO - Página encontrada: page_frm_action_categories
2025-12-05 22:01:10,053 - INFO - Página encontrada: page_frm_action_categories
2025-12-05 22:10:15,018 - INFO - Base de datos ArkToolsBD.sqlite inicializada y tablas verificadas.
2025-12-05 22:10:21,546 - INFO - Página encontrada: page_frm_company
2025-12-05 22:10:22,914 - INFO - Página encontrada: page_frm_clients
2025-12-05 22:10:24,570 - INFO - Página encontrada: page_frm_currencies
2025-12-05 22:10:26,178 - INFO - Página encontrada: page_frm_currencies
2025-12-05 22:10:27,938 - INFO - Página encontrada: page_frm_action_categories
2025-12-05 22:10:27,939 - INFO - Página encontrada: page_frm_action_categories
2025-12-05 22:10:29,298 - INFO - Página encontrada: page_frm_functional_units
2025-12-05 22:10:30,434 - INFO - Página encontrada: page_frm_actions
2025-12-05 22:10:31,715 - INFO - Página encontrada: page_frm_employees
2025-12-05 22:10:33,074 - INFO - Página encontrada: page_frm_device_types
2025-12-05 22:10:34,522 - INFO - Página encontrada: page_frm_it_assets
2025-12-05 22:10:35,571 - INFO - Página encontrada: page_frm_job_titles
2025-12-05 22:10:36,706 - INFO - Página encontrada: page_frm_requests
2025-12-05 22:10:37,818 - INFO - Página encontrada: page_frm_sessions
2025-12-05 22:10:38,890 - INFO - Página encontrada: page_frm_users
2025-12-05 22:10:41,747 - INFO - Página encontrada: page_frm_company
2025-12-05 22:10:42,786 - INFO - Página encontrada: page_frm_clients
2025-12-05 22:11:42,163 - INFO - Base de datos ArkToolsBD.sqlite inicializada y tablas verificadas.
2025-12-05 22:11:46,475 - INFO - Página encontrada: page_frm_company
2025-12-05 22:11:47,987 - INFO - Página encontrada: page_frm_clients
2025-12-05 22:11:49,003 - INFO - Página encontrada: page_frm_currencies
2025-12-05 22:11:50,019 - INFO - Página encontrada: page_frm_action_categories
2025-12-05 22:11:50,019 - INFO - Página encontrada: page_frm_action_categories
2025-12-05 22:11:51,019 - INFO - Página encontrada: page_frm_functional_units
2025-12-05 22:11:52,115 - INFO - Página encontrada: page_frm_actions
2025-12-05 22:11:53,364 - INFO - Página encontrada: page_frm_employees
2025-12-05 22:11:54,779 - INFO - Página encontrada: page_frm_actions
2025-12-05 22:11:56,379 - INFO - Página encontrada: page_frm_employees
2025-12-05 22:11:57,428 - INFO - Página encontrada: page_frm_device_types
2025-12-05 22:11:59,547 - INFO - Página encontrada: page_frm_company
2025-12-05 22:12:00,339 - INFO - Página encontrada: page_frm_company
2025-12-05 22:12:01,499 - INFO - Página encontrada: page_frm_clients
2025-12-05 22:12:02,939 - INFO - Página encontrada: page_frm_currencies
2025-12-05 22:12:08,939 - INFO - Página encontrada: page_frm_action_categories
2025-12-05 22:12:08,940 - INFO - Página encontrada: page_frm_action_categories
2025-12-05 22:12:10,483 - INFO - Página encontrada: page_frm_functional_units
2025-12-05 22:12:11,691 - INFO - Página encontrada: page_frm_actions
2025-12-05 22:12:37,300 - INFO - Página encontrada: page_frm_company
2025-12-05 22:12:39,109 - INFO - Página encontrada: page_frm_clients
2025-12-05 22:12:40,092 - INFO - Página encontrada: page_frm_currencies
2025-12-05 22:12:42,916 - INFO - Página encontrada: page_frm_clients
2025-12-05 22:12:43,836 - INFO - Página encontrada: page_frm_currencies
2025-12-05 22:12:45,404 - INFO - Página encontrada: page_frm_clients
2025-12-05 22:12:47,644 - INFO - Página encontrada: page_frm_currencies
2025-12-05 22:12:50,332 - INFO - Página encontrada: page_frm_currencies
2025-12-05 22:13:30,476 - INFO - Página encontrada: page_frm_action_categories
2025-12-05 22:13:30,477 - INFO - Página encontrada: page_frm_action_categories
2025-12-05 22:13:31,700 - INFO - Página encontrada: page_frm_functional_units
2025-12-05 22:13:32,660 - INFO - Página encontrada: page_frm_actions
2025-12-05 22:13:41,580 - INFO - Página encontrada: page_frm_employees
2025-12-05 22:13:42,980 - INFO - Página encontrada: page_frm_device_types
2025-12-05 22:13:44,189 - INFO - Página encontrada: page_frm_job_titles
2025-12-05 22:13:45,196 - INFO - Página encontrada: page_frm_requests
2025-12-05 22:13:46,245 - INFO - Página encontrada: page_frm_sessions
2025-12-05 22:13:47,333 - INFO - Página encontrada: page_frm_users
2025-12-05 22:14:18,540 - INFO - Base de datos ArkToolsBD.sqlite inicializada y tablas verificadas.
2025-12-05 22:14:22,437 - INFO - Página encontrada: page_frm_company
2025-12-05 22:14:24,701 - INFO - Página encontrada: page_frm_clients
2025-12-05 22:14:25,901 - INFO - Página encontrada: page_frm_currencies
2025-12-05 22:14:27,517 - INFO - Página encontrada: page_frm_action_categories
2025-12-05 22:14:27,517 - INFO - Página encontrada: page_frm_action_categories
2025-12-05 22:14:28,501 - INFO - Página encontrada: page_frm_functional_units
2025-12-05 22:14:29,309 - INFO - Página encontrada: page_frm_actions
2025-12-05 22:14:30,341 - INFO - Página encontrada: page_frm_employees
2025-12-05 22:14:31,173 - INFO - Página encontrada: page_frm_device_types
2025-12-05 22:14:31,877 - INFO - Página encontrada: page_frm_it_assets
2025-12-05 22:14:33,037 - INFO - Página encontrada: page_frm_job_titles
2025-12-05 22:14:33,773 - INFO - Página encontrada: page_frm_requests
2025-12-05 22:14:34,549 - INFO - Página encontrada: page_frm_sessions
2025-12-05 22:14:35,429 - INFO - Página encontrada: page_frm_users
2025-12-05 22:14:43,373 - INFO - Se ha solicitado cambiar la configuración regional.
2025-12-05 22:14:45,201 - INFO - Iniciando proceso de cambio de configuración regional.
2025-12-05 22:14:45,201 - INFO - Configuración regional actualizada correctamente.
2025-12-05 22:14:48,183 - INFO - Consulta a ark_company ejecutada y resultados mostrados.
2025-12-05 22:21:45,957 - INFO - Base de datos ArkToolsBD.sqlite inicializada y tablas verificadas.
2025-12-05 22:21:52,474 - INFO - Página encontrada: page_frm_company
2025-12-05 22:23:20,782 - INFO - Base de datos ArkToolsBD.sqlite inicializada y tablas verificadas.
2025-12-05 22:23:26,483 - INFO - Página encontrada: page_frm_company
2025-12-05 22:25:44,461 - INFO - Base de datos ArkToolsBD.sqlite inicializada y tablas verificadas.
2025-12-05 22:25:49,308 - INFO - Página encontrada: page_frm_company
2025-12-05 23:11:09,490 - INFO - Base de datos ArkToolsBD.sqlite inicializada y tablas verificadas.
2025-12-05 23:11:14,962 - INFO - Página encontrada: page_frm_company
2025-12-05 23:28:18,854 - INFO - Base de datos ArkToolsBD.sqlite inicializada y tablas verificadas.
2025-12-05 23:28:24,077 - INFO - Página encontrada: page_frm_company
2025-12-06 12:59:56,660 - INFO - Base de datos ArkToolsBD.sqlite inicializada y tablas verificadas.
2025-12-06 13:11:06,290 - INFO - Base de datos ArkToolsBD.sqlite inicializada y tablas verificadas.
2025-12-06 13:17:34,335 - INFO - Base de datos ArkToolsBD.sqlite inicializada y tablas verificadas.
2025-12-06 13:22:43,733 - INFO - Base de datos ArkToolsBD.sqlite inicializada y tablas verificadas.
2025-12-06 13:29:13,314 - INFO - Base de datos ArkToolsBD.sqlite inicializada y tablas verificadas.
2025-12-06 13:32:20,760 - INFO - Base de datos ArkToolsBD.sqlite inicializada y tablas verificadas.
2025-12-06 13:32:26,809 - INFO - Página encontrada: page_frm_company
2025-12-06 13:42:36,375 - INFO - Base de datos ArkToolsBD.sqlite inicializada y tablas verificadas.
2025-12-06 13:42:42,712 - INFO - Página encontrada: page_frm_company
2025-12-06 13:43:53,566 - INFO - Base de datos ArkToolsBD.sqlite inicializada y tablas verificadas.
2025-12-06 13:44:00,745 - INFO - Página encontrada: page_frm_company
2025-12-06 14:01:00,689 - INFO - Base de datos ArkToolsBD.sqlite inicializada y tablas verificadas.
2025-12-06 14:01:08,589 - INFO - Página encontrada: page_frm_company
2025-12-06 17:03:20,231 - INFO - Base de datos ArkToolsBD.sqlite inicializada y tablas verificadas.
2025-12-06 17:03:24,607 - INFO - Página encontrada: page_frm_company
2025-12-06 17:05:11,312 - INFO - Base de datos ArkToolsBD.sqlite inicializada y tablas verificadas.
2025-12-06 17:05:17,345 - INFO - Página encontrada: page_frm_company
2025-12-06 17:07:43,582 - INFO - Base de datos ArkToolsBD.sqlite inicializada y tablas verificadas.
2025-12-06 17:07:49,162 - INFO - Página encontrada: page_frm_company
2025-12-06 17:12:33,835 - INFO - Base de datos ArkToolsBD.sqlite inicializada y tablas verificadas.
2025-12-06 17:12:39,326 - INFO - Página encontrada: page_frm_company
2025-12-06 17:13:18,375 - INFO - Base de datos ArkToolsBD.sqlite inicializada y tablas verificadas.
2025-12-06 17:13:23,750 - INFO - Página encontrada: page_frm_company
2025-12-06 17:13:43,488 - INFO - Base de datos ArkToolsBD.sqlite inicializada y tablas verificadas.
2025-12-06 17:13:47,255 - INFO - Página encontrada: page_frm_company
2025-12-06 17:37:16,256 - INFO - Base de datos ArkToolsBD.sqlite inicializada y tablas verificadas.
2025-12-06 17:37:22,047 - INFO - Página encontrada: page_frm_company
2025-12-06 17:43:44,399 - INFO - Base de datos ArkToolsBD.sqlite inicializada y tablas verificadas.
2025-12-06 17:43:51,324 - INFO - Página encontrada: page_frm_company
2025-12-06 18:39:41,432 - INFO - Base de datos ArkToolsBD.sqlite inicializada y tablas verificadas.
2025-12-06 18:42:30,050 - INFO - Base de datos ArkToolsBD.sqlite inicializada y tablas verificadas.
2025-12-06 18:42:37,509 - INFO - Página encontrada: page_frm_company
2025-12-06 18:44:53,024 - INFO - Base de datos ArkToolsBD.sqlite inicializada y tablas verificadas.
2025-12-06 18:44:58,431 - INFO - Página encontrada: page_frm_company
2025-12-06 18:45:06,415 - INFO - Página encontrada: page_frm_clients
2025-12-06 18:45:10,207 - INFO - Página encontrada: page_frm_company
2025-12-06 18:47:23,380 - INFO - Base de datos ArkToolsBD.sqlite inicializada y tablas verificadas.
2025-12-06 18:47:30,481 - INFO - Página encontrada: page_frm_company
2025-12-06 19:17:53,761 - INFO - Base de datos ArkToolsBD.sqlite inicializada y tablas verificadas.
2025-12-06 19:17:59,127 - INFO - Página encontrada: page_frm_company
2025-12-06 19:23:00,258 - INFO - Base de datos ArkToolsBD.sqlite inicializada y tablas verificadas.
2025-12-06 19:23:06,786 - INFO - Página encontrada: page_frm_company
2025-12-06 19:24:02,681 - INFO - Base de datos ArkToolsBD.sqlite inicializada y tablas verificadas.
2025-12-06 19:24:10,075 - INFO - Página encontrada: page_frm_company
2025-12-06 20:07:51,500 - INFO - Base de datos ArkToolsBD.sqlite inicializada y tablas verificadas.
2025-12-06 20:07:57,530 - INFO - Página encontrada: page_frm_company
2025-12-06 20:39:42,572 - INFO - Base de datos ArkToolsBD.sqlite inicializada y tablas verificadas.
2025-12-06 20:39:48,137 - INFO - Página encontrada: page_frm_company
2025-12-06 21:35:37,324 - INFO - Base de datos ArkToolsBD.sqlite inicializada y tablas verificadas.
2025-12-06 21:35:41,322 - INFO - Página encontrada: page_frm_company
2025-12-06 21:42:44,765 - INFO - Base de datos ArkToolsBD.sqlite inicializada y tablas verificadas.
2025-12-06 21:42:49,895 - INFO - Página encontrada: page_frm_company
2025-12-06 21:55:37,395 - INFO - Base de datos ArkToolsBD.sqlite inicializada y tablas verificadas.
2025-12-06 21:55:43,560 - INFO - Página encontrada: page_frm_company
2025-12-06 22:00:52,222 - INFO - Base de datos ArkToolsBD.sqlite inicializada y tablas verificadas.
2025-12-06 22:00:57,484 - INFO - Página encontrada: page_frm_company
2025-12-06 22:13:50,314 - INFO - Base de datos ArkToolsBD.sqlite inicializada y tablas verificadas.
2025-12-06 22:13:55,397 - INFO - Página encontrada: page_frm_company
2025-12-06 22:31:12,851 - INFO - Base de datos ArkToolsBD.sqlite inicializada y tablas verificadas.
2025-12-06 22:31:19,098 - INFO - Página encontrada: page_frm_company
2025-12-06 22:35:41,430 - INFO - Base de datos ArkToolsBD.sqlite inicializada y tablas verificadas.
2025-12-06 22:35:46,325 - INFO - Página encontrada: page_frm_company
2025-12-06 22:39:09,399 - INFO - Base de datos ArkToolsBD.sqlite inicializada y tablas verificadas.
2025-12-06 22:39:16,015 - INFO - Página encontrada: page_frm_company
2025-12-07 18:44:59,832 - INFO - Base de datos ArkToolsBD.sqlite inicializada y tablas verificadas.
2025-12-07 18:45:17,748 - INFO - Página encontrada: page_frm_company
2025-12-07 19:18:49,177 - INFO - Base de datos ArkToolsBD.sqlite inicializada y tablas verificadas.
2025-12-07 19:18:57,296 - INFO - Página encontrada: page_frm_action_categories
2025-12-07 19:18:57,296 - INFO - Página encontrada: page_frm_action_categories
2025-12-07 19:19:01,447 - INFO - Página encontrada: page_frm_company
2025-12-07 19:19:04,871 - INFO - Página encontrada: page_frm_action_categories
2025-12-07 19:19:04,884 - INFO - Página encontrada: page_frm_action_categories
2025-12-07 19:19:12,439 - INFO - Página encontrada: page_frm_company
2025-12-07 19:19:16,968 - INFO - Página encontrada: page_frm_action_categories
2025-12-07 19:19:16,968 - INFO - Página encontrada: page_frm_action_categories
2025-12-07 19:33:32,982 - INFO - Base de datos ArkToolsBD.sqlite inicializada y tablas verificadas.
2025-12-07 19:47:30,033 - INFO - Base de datos ArkToolsBD.sqlite inicializada y tablas verificadas.
2025-12-07 19:49:05,969 - INFO - Base de datos ArkToolsBD.sqlite inicializada y tablas verificadas.
2025-12-07 19:49:13,514 - INFO - Página encontrada: page_frm_action_categories
2025-12-07 19:49:13,514 - INFO - Página encontrada: page_frm_action_categories
2025-12-07 19:49:18,602 - INFO - Página encontrada: page_frm_actions
2025-12-07 19:49:23,058 - INFO - Página encontrada: page_frm_action_categories
2025-12-07 19:49:23,058 - INFO - Página encontrada: page_frm_action_categories
2025-12-07 19:49:27,258 - INFO - Página encontrada: page_frm_functional_units
2025-12-07 19:49:28,914 - INFO - Página encontrada: page_frm_action_categories
2025-12-07 19:49:28,914 - INFO - Página encontrada: page_frm_action_categories
2025-12-07 19:49:32,562 - INFO - Página encontrada: page_frm_actions
2025-12-07 19:49:52,258 - INFO - Página encontrada: page_frm_action_categories
2025-12-07 19:49:52,259 - INFO - Página encontrada: page_frm_action_categories
2025-12-07 19:50:21,682 - INFO - Página encontrada: page_frm_company
2025-12-07 23:25:54,309 - INFO - Base de datos ArkToolsBD.sqlite inicializada y tablas verificadas.
2025-12-07 23:26:01,095 - INFO - Página encontrada: page_frm_company
2025-12-07 23:26:07,751 - INFO - Página encontrada: page_frm_clients
2025-12-07 23:26:09,719 - INFO - Página encontrada: page_frm_currencies
2025-12-07 23:26:12,103 - INFO - Página encontrada: page_frm_action_categories
2025-12-07 23:26:12,103 - INFO - Página encontrada: page_frm_action_categories
2025-12-07 23:26:14,231 - INFO - Página encontrada: page_frm_currencies
2025-12-07 23:26:15,575 - INFO - Página encontrada: page_frm_action_categories
2025-12-07 23:26:15,575 - INFO - Página encontrada: page_frm_action_categories
2025-12-07 23:26:41,959 - INFO - Página encontrada: page_frm_company
2025-12-07 23:26:50,647 - INFO - Página encontrada: page_frm_clients
2025-12-07 23:26:53,631 - INFO - Página encontrada: page_frm_company
2025-12-07 23:26:55,071 - INFO - Página encontrada: page_frm_clients
2025-12-07 23:26:58,383 - INFO - Página encontrada: page_frm_action_categories
2025-12-07 23:26:58,383 - INFO - Página encontrada: page_frm_action_categories
2025-12-07 23:27:02,095 - INFO - Página encontrada: page_frm_clients
2025-12-07 23:27:56,172 - INFO - Base de datos ArkToolsBD.sqlite inicializada y tablas verificadas.
2025-12-07 23:28:01,752 - INFO - Página encontrada: page_frm_company
2025-12-07 23:42:26,118 - INFO - Base de datos ArkToolsBD.sqlite inicializada y tablas verificadas.
2025-12-07 23:42:33,997 - INFO - Página encontrada: page_frm_currencies
2025-12-07 23:42:38,869 - INFO - Página encontrada: page_frm_clients
2025-12-07 23:42:41,077 - INFO - Página encontrada: page_frm_currencies
2025-12-07 23:44:04,039 - INFO - Base de datos ArkToolsBD.sqlite inicializada y tablas verificadas.
2025-12-07 23:44:11,126 - INFO - Página encontrada: page_frm_currencies
2025-12-08 22:39:31,744 - INFO - Base de datos ArkToolsBD.sqlite inicializada y tablas verificadas.
2025-12-08 22:39:38,298 - INFO - Página encontrada: page_frm_company
2025-12-08 22:39:39,986 - INFO - Página encontrada: page_frm_clients
2025-12-08 22:39:41,418 - INFO - Página encontrada: page_frm_currencies
2025-12-08 22:39:44,538 - INFO - Página encontrada: page_frm_clients
2025-12-08 22:39:45,658 - INFO - Página encontrada: page_frm_company
2025-12-08 22:39:47,066 - INFO - Página encontrada: page_frm_clients
2025-12-08 22:39:48,026 - INFO - Página encontrada: page_frm_currencies
2025-12-08 22:39:49,978 - INFO - Página encontrada: page_frm_action_categories
2025-12-08 22:39:49,979 - INFO - Página encontrada: page_frm_action_categories
2025-12-08 23:42:55,695 - INFO - Base de datos ArkToolsBD.sqlite inicializada y tablas verificadas.
2025-12-08 23:43:02,054 - INFO - Página encontrada: page_frm_company
2025-12-08 23:43:05,558 - INFO - Página encontrada: page_frm_clients
2025-12-08 23:43:09,382 - INFO - Página encontrada: page_frm_currencies
2025-12-08 23:43:10,453 - INFO - Página encontrada: page_frm_currencies
2025-12-08 23:43:11,573 - INFO - Página encontrada: page_frm_action_categories
2025-12-08 23:43:11,574 - INFO - Página encontrada: page_frm_action_categories
2025-12-08 23:43:14,445 - INFO - Página encontrada: page_frm_functional_units
2025-12-08 23:43:18,142 - INFO - Página encontrada: page_frm_actions
2025-12-08 23:43:22,142 - INFO - Página encontrada: page_frm_employees
2025-12-08 23:43:25,558 - INFO - Página encontrada: page_frm_device_types
2025-12-08 23:43:30,406 - INFO - Página encontrada: page_frm_employees
2025-12-08 23:43:31,670 - INFO - Página encontrada: page_frm_device_types
2025-12-08 23:43:32,590 - INFO - Página encontrada: page_frm_it_assets
2025-12-08 23:43:34,158 - INFO - Página encontrada: page_frm_device_types
2025-12-08 23:43:49,894 - INFO - Página encontrada: page_frm_company
2025-12-08 23:43:52,510 - INFO - Página encontrada: page_frm_clients
2025-12-08 23:43:55,934 - INFO - Página encontrada: page_frm_currencies
2025-12-08 23:43:57,910 - INFO - Página encontrada: page_frm_action_categories
2025-12-08 23:43:57,910 - INFO - Página encontrada: page_frm_action_categories
2025-12-08 23:44:00,422 - INFO - Página encontrada: page_frm_currencies
2025-12-08 23:44:03,198 - INFO - Página encontrada: page_frm_action_categories
2025-12-08 23:44:03,198 - INFO - Página encontrada: page_frm_action_categories
2025-12-08 23:44:06,182 - INFO - Página encontrada: page_frm_currencies
2025-12-08 23:44:07,974 - INFO - Página encontrada: page_frm_action_categories
2025-12-08 23:44:07,974 - INFO - Página encontrada: page_frm_action_categories
2025-12-08 23:44:10,734 - INFO - Página encontrada: page_frm_functional_units
2025-12-08 23:44:13,774 - INFO - Página encontrada: page_frm_actions
2025-12-08 23:44:16,702 - INFO - Página encontrada: page_frm_action_categories
2025-12-08 23:44:16,702 - INFO - Página encontrada: page_frm_action_categories
2025-12-08 23:44:18,022 - INFO - Página encontrada: page_frm_actions
2025-12-08 23:44:19,670 - INFO - Página encontrada: page_frm_action_categories
2025-12-08 23:44:19,671 - INFO - Página encontrada: page_frm_action_categories
2025-12-08 23:44:23,382 - INFO - Página encontrada: page_frm_functional_units
2025-12-08 23:44:24,574 - INFO - Página encontrada: page_frm_actions
2025-12-08 23:44:26,678 - INFO - Página encontrada: page_frm_employees
2025-12-08 23:44:29,447 - INFO - Página encontrada: page_frm_device_types
2025-12-08 23:44:32,910 - INFO - Página encontrada: page_frm_it_assets
2025-12-09 00:49:23,898 - INFO - Base de datos ArkToolsBD.sqlite inicializada y tablas verificadas.
2025-12-09 00:49:30,635 - INFO - Página encontrada: page_frm_company
2025-12-09 00:49:37,915 - INFO - Página encontrada: page_frm_clients
2025-12-09 00:49:40,746 - INFO - Página encontrada: page_frm_company
2025-12-09 00:49:43,227 - INFO - Página encontrada: page_frm_clients
2025-12-09 00:49:45,826 - INFO - Página encontrada: page_frm_company
2025-12-09 00:50:20,291 - INFO - Página encontrada: page_frm_clients
2025-12-09 00:50:22,611 - INFO - Página encontrada: page_frm_currencies
2025-12-09 00:50:24,459 - INFO - Página encontrada: page_frm_clients
2025-12-09 00:50:27,251 - INFO - Página encontrada: page_frm_currencies
2025-12-09 00:50:28,739 - INFO - Página encontrada: page_frm_action_categories
2025-12-09 00:50:28,739 - INFO - Página encontrada: page_frm_action_categories
2025-12-09 00:50:29,923 - INFO - Página encontrada: page_frm_functional_units
2025-12-09 00:50:31,635 - INFO - Página encontrada: page_frm_action_categories
2025-12-09 00:50:31,635 - INFO - Página encontrada: page_frm_action_categories
2025-12-09 00:50:33,035 - INFO - Página encontrada: page_frm_functional_units
2025-12-09 00:50:34,755 - INFO - Página encontrada: page_frm_action_categories
2025-12-09 00:50:34,755 - INFO - Página encontrada: page_frm_action_categories
2025-12-09 00:50:37,379 - INFO - Página encontrada: page_frm_currencies
2025-12-09 00:50:38,491 - INFO - Página encontrada: page_frm_action_categories
2025-12-09 00:50:38,491 - INFO - Página encontrada: page_frm_action_categories
2025-12-09 00:50:39,803 - INFO - Página encontrada: page_frm_functional_units
2025-12-09 00:50:41,563 - INFO - Página encontrada: page_frm_actions
2025-12-09 00:50:43,619 - INFO - Página encontrada: page_frm_employees
2025-12-09 00:50:44,955 - INFO - Página encontrada: page_frm_device_types
2025-12-09 00:50:46,059 - INFO - Página encontrada: page_frm_it_assets
2025-12-09 00:50:47,083 - INFO - Página encontrada: page_frm_job_titles
2025-12-09 00:50:48,307 - INFO - Página encontrada: page_frm_requests
2025-12-09 00:50:49,619 - INFO - Página encontrada: page_frm_sessions
2025-12-09 00:50:51,131 - INFO - Página encontrada: page_frm_users
2025-12-09 23:30:22,821 - INFO - Base de datos ArkToolsBD.sqlite inicializada y tablas verificadas.
2025-12-09 23:30:30,747 - INFO - Página encontrada: page_frm_company
2025-12-09 23:36:57,253 - INFO - Base de datos ArkToolsBD.sqlite inicializada y tablas verificadas.
2025-12-09 23:37:04,142 - INFO - Página encontrada: page_frm_company
2025-12-09 23:37:09,118 - INFO - Página encontrada: page_frm_clients
2025-12-09 23:37:12,078 - INFO - Página encontrada: page_frm_company
2025-12-09 23:37:14,374 - INFO - Página encontrada: page_frm_clients
2025-12-10 00:09:36,134 - INFO - Base de datos ArkToolsBD.sqlite inicializada y tablas verificadas.
2025-12-10 00:09:42,485 - INFO - Página encontrada: page_frm_company
2025-12-10 00:30:41,506 - INFO - Base de datos ArkToolsBD.sqlite inicializada y tablas verificadas.
2025-12-10 00:30:47,167 - INFO - Página encontrada: page_frm_company
2025-12-10 21:17:39,369 - INFO - Base de datos ArkToolsBD.sqlite inicializada y tablas verificadas.
2025-12-10 22:52:56,217 - INFO - Base de datos ArkToolsBD.sqlite inicializada y tablas verificadas.
2025-12-10 22:53:02,309 - INFO - Página encontrada: page_frm_company
2025-12-10 22:53:20,764 - INFO - Página encontrada: page_frm_action_categories
2025-12-10 22:53:20,769 - INFO - Página encontrada: page_frm_action_categories
2025-12-10 23:04:17,139 - INFO - Base de datos ArkToolsBD.sqlite inicializada y tablas verificadas.
2025-12-10 23:04:22,588 - INFO - Página encontrada: page_frm_company
2025-12-10 23:08:20,345 - INFO - Base de datos ArkToolsBD.sqlite inicializada y tablas verificadas.
2025-12-10 23:08:25,686 - INFO - Página encontrada: page_frm_company
2025-12-10 23:13:21,750 - INFO - Base de datos ArkToolsBD.sqlite inicializada y tablas verificadas.
2025-12-10 23:13:27,498 - INFO - Página encontrada: page_frm_company
2025-12-10 23:37:17,123 - INFO - Base de datos ArkToolsBD.sqlite inicializada y tablas verificadas.
2025-12-10 23:37:24,609 - INFO - Página encontrada: page_frm_company
2025-12-10 23:37:53,458 - INFO - Página encontrada: page_frm_clients
2025-12-10 23:38:02,577 - INFO - Página encontrada: page_frm_currencies
2025-12-10 23:38:03,681 - INFO - Página encontrada: page_frm_action_categories
2025-12-10 23:38:03,682 - INFO - Página encontrada: page_frm_action_categories
2025-12-11 19:54:48,514 - INFO - Base de datos ArkToolsBD.sqlite inicializada y tablas verificadas.
2025-12-11 19:54:53,820 - INFO - Página encontrada: page_frm_company
2025-12-11 19:55:37,837 - INFO - Página encontrada: page_frm_clients
2025-12-11 19:55:41,333 - INFO - Página encontrada: page_frm_clients
2025-12-11 19:55:41,789 - INFO - Página encontrada: page_frm_company
2025-12-11 20:37:02,942 - INFO - Base de datos ArkToolsBD.sqlite inicializada y tablas verificadas.
2025-12-11 20:37:09,705 - INFO - Página encontrada: page_frm_company
2025-12-11 20:37:39,529 - INFO - Página encontrada: page_frm_clients
2025-12-11 20:37:43,713 - INFO - Página encontrada: page_frm_currencies
2025-12-11 20:37:45,601 - INFO - Página encontrada: page_frm_clients
2025-12-11 20:38:27,137 - INFO - Página encontrada: page_frm_clients
2025-12-11 20:39:02,986 - INFO - Página encontrada: page_frm_company
2025-12-11 20:39:07,914 - INFO - Página encontrada: page_frm_clients
2025-12-11 20:39:09,178 - INFO - Página encontrada: page_frm_company
2025-12-11 20:39:10,282 - INFO - Página encontrada: page_frm_clients
2025-12-11 20:39:10,930 - INFO - Página encontrada: page_frm_currencies
2025-12-11 20:39:12,762 - INFO - Página encontrada: page_frm_action_categories
2025-12-11 20:39:12,763 - INFO - Página encontrada: page_frm_action_categories
2025-12-11 20:39:14,858 - INFO - Página encontrada: page_frm_currencies
2025-12-11 20:39:15,770 - INFO - Página encontrada: page_frm_clients
2025-12-11 20:40:39,756 - INFO - Base de datos ArkToolsBD.sqlite inicializada y tablas verificadas.
2025-12-11 20:40:45,379 - INFO - Página encontrada: page_frm_company
2025-12-11 20:42:46,209 - INFO - Base de datos ArkToolsBD.sqlite inicializada y tablas verificadas.
2025-12-11 20:42:50,373 - INFO - Página encontrada: page_frm_company
2025-12-11 20:56:42,456 - INFO - Base de datos ArkToolsBD.sqlite inicializada y tablas verificadas.
2025-12-11 20:56:52,774 - INFO - Página encontrada: page_frm_company
2025-12-11 20:57:15,350 - INFO - Página encontrada: page_frm_clients
2025-12-11 23:05:44,721 - INFO - Base de datos ArkToolsBD.sqlite inicializada y tablas verificadas.
2025-12-11 23:05:50,093 - INFO - Página encontrada: page_frm_company
2025-12-11 23:05:52,813 - INFO - Página encontrada: page_frm_clients
2025-12-11 23:05:55,141 - INFO - Página encontrada: page_frm_currencies
2025-12-11 23:05:58,485 - INFO - Página encontrada: page_frm_clients
2025-12-11 23:06:00,141 - INFO - Página encontrada: page_frm_currencies
2025-12-11 23:06:01,789 - INFO - Página encontrada: page_frm_action_categories
2025-12-11 23:06:01,790 - INFO - Página encontrada: page_frm_action_categories
2025-12-11 23:06:24,365 - INFO - Página encontrada: page_frm_functional_units
2025-12-11 23:06:26,165 - INFO - Página encontrada: page_frm_action_categories
2025-12-11 23:06:26,165 - INFO - Página encontrada: page_frm_action_categories
2025-12-11 23:06:27,799 - INFO - Página encontrada: page_frm_functional_units
2025-12-11 23:06:34,438 - INFO - Página encontrada: page_frm_actions
2025-12-11 23:06:36,877 - INFO - Página encontrada: page_frm_employees
2025-12-11 23:06:38,661 - INFO - Página encontrada: page_frm_device_types
2025-12-11 23:06:40,909 - INFO - Página encontrada: page_frm_it_assets
2025-12-11 23:06:45,413 - INFO - Página encontrada: page_frm_job_titles
2025-12-11 23:06:47,173 - INFO - Página encontrada: page_frm_requests
2025-12-11 23:06:49,237 - INFO - Página encontrada: page_frm_sessions
2025-12-11 23:06:51,798 - INFO - Página encontrada: page_frm_users
2025-12-11 23:06:53,965 - INFO - Página encontrada: page_frm_currencies
2025-12-11 23:06:55,509 - INFO - Página encontrada: page_frm_clients
2025-12-11 23:06:57,269 - INFO - Página encontrada: page_frm_company
2025-12-11 23:07:01,021 - INFO - Página encontrada: page_frm_clients
2025-12-11 23:07:04,494 - INFO - Página encontrada: page_frm_currencies
2025-12-11 23:07:06,150 - INFO - Página encontrada: page_frm_action_categories
2025-12-11 23:07:06,150 - INFO - Página encontrada: page_frm_action_categories
2025-12-11 23:15:11,889 - INFO - Base de datos ArkToolsBD.sqlite inicializada y tablas verificadas.
2025-12-11 23:15:17,643 - INFO - Página encontrada: page_frm_company
2025-12-11 23:15:21,636 - INFO - Página encontrada: page_frm_clients
2025-12-11 23:15:52,444 - INFO - Página encontrada: page_frm_currencies
2025-12-11 23:15:55,099 - INFO - Página encontrada: page_frm_clients
2025-12-11 23:15:55,987 - INFO - Página encontrada: page_frm_currencies
2025-12-11 23:15:57,412 - INFO - Página encontrada: page_frm_action_categories
2025-12-11 23:15:57,413 - INFO - Página encontrada: page_frm_action_categories
2025-12-11 23:45:28,447 - INFO - Base de datos ArkToolsBD.sqlite inicializada y tablas verificadas.
2025-12-11 23:45:34,303 - INFO - Página encontrada: page_frm_company
2025-12-11 23:47:08,198 - INFO - Base de datos ArkToolsBD.sqlite inicializada y tablas verificadas.
2025-12-11 23:47:13,880 - INFO - Página encontrada: page_frm_company
2025-12-11 23:47:24,616 - INFO - Página encontrada: page_frm_clients
2025-12-11 23:47:33,384 - INFO - Página encontrada: page_frm_currencies
2025-12-11 23:47:37,056 - INFO - Página encontrada: page_frm_action_categories
2025-12-11 23:47:37,057 - INFO - Página encontrada: page_frm_action_categories
2025-12-11 23:47:55,352 - INFO - Página encontrada: page_frm_functional_units
2025-12-11 23:48:06,000 - INFO - Página encontrada: page_frm_actions
2025-12-11 23:48:08,144 - INFO - Página encontrada: page_frm_functional_units
2025-12-11 23:48:10,633 - INFO - Página encontrada: page_frm_actions
2025-12-11 23:48:16,353 - INFO - Página encontrada: page_frm_employees
2025-12-11 23:48:17,857 - INFO - Página encontrada: page_frm_device_types
2025-12-11 23:48:19,017 - INFO - Página encontrada: page_frm_it_assets
2025-12-12 18:36:43,326 - INFO - Base de datos ArkToolsBD.sqlite inicializada y tablas verificadas.
2025-12-12 18:36:53,418 - INFO - Página encontrada: page_frm_company
2025-12-12 18:36:57,778 - INFO - Página encontrada: page_frm_clients
2025-12-12 18:36:59,506 - INFO - Página encontrada: page_frm_currencies
2025-12-12 18:37:01,529 - INFO - Página encontrada: page_frm_clients
2025-12-12 18:37:02,482 - INFO - Página encontrada: page_frm_currencies
2025-12-12 18:37:03,738 - INFO - Página encontrada: page_frm_clients
2025-12-12 18:37:05,338 - INFO - Página encontrada: page_frm_currencies
2025-12-12 18:37:06,818 - INFO - Página encontrada: page_frm_action_categories
2025-12-12 18:37:06,818 - INFO - Página encontrada: page_frm_action_categories
2025-12-12 18:37:11,659 - INFO - Página encontrada: page_frm_functional_units
2025-12-12 18:37:13,850 - INFO - Página encontrada: page_frm_actions
2025-12-12 18:37:15,522 - INFO - Página encontrada: page_frm_employees
2025-12-12 18:37:17,362 - INFO - Página encontrada: page_frm_device_types
2025-12-12 18:37:18,722 - INFO - Página encontrada: page_frm_it_assets
2025-12-12 18:37:20,258 - INFO - Página encontrada: page_frm_actions
2025-12-12 18:37:21,010 - INFO - Página encontrada: page_frm_functional_units
2025-12-12 18:37:22,234 - INFO - Página encontrada: page_frm_action_categories
2025-12-12 18:37:22,234 - INFO - Página encontrada: page_frm_action_categories
2025-12-12 18:37:31,578 - INFO - Página encontrada: page_frm_currencies
2025-12-12 18:37:33,906 - INFO - Página encontrada: page_frm_clients
2025-12-12 18:37:35,330 - INFO - Página encontrada: page_frm_company
2025-12-12 18:38:14,090 - INFO - Página encontrada: page_frm_clients
2025-12-12 18:48:24,405 - INFO - Base de datos ArkToolsBD.sqlite inicializada y tablas verificadas.
2025-12-12 18:48:33,495 - INFO - Página encontrada: page_frm_company
2025-12-12 18:48:35,831 - INFO - Página encontrada: page_frm_clients
2025-12-12 18:48:37,247 - INFO - Página encontrada: page_frm_currencies
2025-12-12 18:48:38,511 - INFO - Página encontrada: page_frm_action_categories
2025-12-12 18:48:38,511 - INFO - Página encontrada: page_frm_action_categories
2025-12-12 18:48:39,495 - INFO - Página encontrada: page_frm_functional_units
2025-12-12 18:48:40,351 - INFO - Página encontrada: page_frm_actions
2025-12-12 18:48:41,199 - INFO - Página encontrada: page_frm_employees
2025-12-12 18:48:41,967 - INFO - Página encontrada: page_frm_device_types
2025-12-12 18:48:42,655 - INFO - Página encontrada: page_frm_it_assets
2025-12-12 18:48:43,247 - INFO - Página encontrada: page_frm_job_titles
2025-12-12 18:51:12,321 - INFO - Base de datos ArkToolsBD.sqlite inicializada y tablas verificadas.
2025-12-12 18:51:20,921 - INFO - Página encontrada: page_frm_company
2025-12-12 18:51:42,529 - INFO - Página encontrada: page_frm_clients
2025-12-12 18:51:45,552 - INFO - Página encontrada: page_frm_currencies
2025-12-12 18:51:47,016 - INFO - Página encontrada: page_frm_action_categories
2025-12-12 18:51:47,017 - INFO - Página encontrada: page_frm_action_categories
2025-12-12 18:51:48,976 - INFO - Página encontrada: page_frm_functional_units
2025-12-12 18:51:50,208 - INFO - Página encontrada: page_frm_actions
2025-12-12 18:51:51,376 - INFO - Página encontrada: page_frm_company
2025-12-12 19:40:15,778 - INFO - Base de datos ArkToolsBD.sqlite inicializada y tablas verificadas.
2025-12-12 19:40:21,742 - INFO - Página encontrada: page_frm_company
2025-12-12 20:36:51,320 - INFO - Base de datos ArkToolsBD.sqlite inicializada y tablas verificadas.
2025-12-12 20:36:56,255 - INFO - Página encontrada: page_frm_company
2025-12-12 20:37:08,063 - INFO - Página encontrada: page_frm_clients
2025-12-12 20:37:12,063 - INFO - Página encontrada: page_frm_company
2025-12-12 20:37:14,735 - INFO - Página encontrada: page_frm_clients
2025-12-12 20:37:16,047 - INFO - Página encontrada: page_frm_currencies
2025-12-12 20:37:17,895 - INFO - Página encontrada: page_frm_action_categories
2025-12-12 20:37:17,896 - INFO - Página encontrada: page_frm_action_categories
2025-12-12 20:37:19,359 - INFO - Página encontrada: page_frm_functional_units
2025-12-12 23:01:44,978 - INFO - Base de datos ArkToolsBD.sqlite inicializada y tablas verificadas.
2025-12-12 23:01:51,434 - INFO - Página encontrada: page_frm_company
2025-12-12 23:01:53,641 - INFO - Página encontrada: page_frm_clients
2025-12-12 23:01:56,905 - INFO - Página encontrada: page_frm_currencies
2025-12-12 23:01:58,337 - INFO - Página encontrada: page_frm_action_categories
2025-12-12 23:01:58,337 - INFO - Página encontrada: page_frm_action_categories
2025-12-12 23:01:59,953 - INFO - Página encontrada: page_frm_functional_units
2025-12-12 23:02:01,513 - INFO - Página encontrada: page_frm_actions
2025-12-12 23:02:02,897 - INFO - Página encontrada: page_frm_employees
2025-12-12 23:02:04,145 - INFO - Página encontrada: page_frm_device_types
2025-12-12 23:02:05,401 - INFO - Página encontrada: page_frm_it_assets
2025-12-12 23:02:06,537 - INFO - Página encontrada: page_frm_job_titles
2025-12-12 23:02:07,777 - INFO - Página encontrada: page_frm_requests
2025-12-12 23:02:08,913 - INFO - Página encontrada: page_frm_sessions
2025-12-12 23:02:09,993 - INFO - Página encontrada: page_frm_users
2025-12-12 23:02:14,481 - INFO - Página encontrada: page_frm_users
2025-12-12 23:02:17,026 - INFO - Página encontrada: page_frm_requests
2025-12-12 23:02:18,529 - INFO - Página encontrada: page_frm_job_titles
2025-12-12 23:02:19,137 - INFO - Página encontrada: page_frm_it_assets
2025-12-12 23:02:19,769 - INFO - Página encontrada: page_frm_device_types
2025-12-12 23:02:20,305 - INFO - Página encontrada: page_frm_employees
2025-12-12 23:02:20,825 - INFO - Página encontrada: page_frm_actions
2025-12-12 23:02:21,689 - INFO - Página encontrada: page_frm_functional_units
2025-12-12 23:02:22,153 - INFO - Página encontrada: page_frm_action_categories
2025-12-12 23:02:22,153 - INFO - Página encontrada: page_frm_action_categories
2025-12-12 23:02:22,682 - INFO - Página encontrada: page_frm_currencies
2025-12-12 23:02:23,177 - INFO - Página encontrada: page_frm_clients
2025-12-12 23:02:23,730 - INFO - Página encontrada: page_frm_company
2025-12-12 23:02:25,065 - INFO - Página encontrada: page_frm_clients
2025-12-12 23:02:28,681 - INFO - Página encontrada: page_frm_currencies
2025-12-12 23:02:30,209 - INFO - Página encontrada: page_frm_action_categories
2025-12-12 23:02:30,209 - INFO - Página encontrada: page_frm_action_categories
2025-12-12 23:02:31,537 - INFO - Página encontrada: page_frm_functional_units
2025-12-12 23:02:32,833 - INFO - Página encontrada: page_frm_currencies
2025-12-12 23:02:34,113 - INFO - Página encontrada: page_frm_clients
2025-12-12 23:02:38,489 - INFO - Página encontrada: page_frm_company
2025-12-12 23:02:45,250 - INFO - Página encontrada: page_frm_clients
2025-12-12 23:02:50,625 - INFO - Página encontrada: page_frm_currencies
2025-12-12 23:02:52,114 - INFO - Página encontrada: page_frm_action_categories
2025-12-12 23:02:52,114 - INFO - Página encontrada: page_frm_action_categories
2025-12-12 23:02:53,473 - INFO - Página encontrada: page_frm_functional_units
2025-12-12 23:02:54,689 - INFO - Página encontrada: page_frm_actions
2025-12-12 23:02:55,801 - INFO - Página encontrada: page_frm_employees
2025-12-12 23:02:56,641 - INFO - Página encontrada: page_frm_device_types
2025-12-12 23:02:57,433 - INFO - Página encontrada: page_frm_it_assets
2025-12-12 23:02:58,289 - INFO - Página encontrada: page_frm_job_titles
2025-12-12 23:02:59,241 - INFO - Página encontrada: page_frm_requests
2025-12-12 23:03:00,106 - INFO - Página encontrada: page_frm_sessions
2025-12-12 23:03:01,769 - INFO - Página encontrada: page_frm_sessions
2025-12-12 23:03:02,481 - INFO - Página encontrada: page_frm_users
2025-12-12 23:32:19,617 - INFO - Base de datos ArkToolsBD.sqlite inicializada y tablas verificadas.
2025-12-12 23:32:25,424 - INFO - Página encontrada: page_frm_company
2025-12-12 23:32:28,207 - INFO - Página encontrada: page_frm_clients
2025-12-12 23:32:32,071 - INFO - Página encontrada: page_frm_currencies
2025-12-12 23:32:34,215 - INFO - Página encontrada: page_frm_action_categories
2025-12-12 23:32:34,216 - INFO - Página encontrada: page_frm_action_categories
2025-12-12 23:32:35,367 - INFO - Página encontrada: page_frm_functional_units
2025-12-12 23:32:36,416 - INFO - Página encontrada: page_frm_actions
2025-12-12 23:32:37,512 - INFO - Página encontrada: page_frm_employees
2025-12-12 23:32:38,984 - INFO - Página encontrada: page_frm_device_types
2025-12-12 23:32:40,040 - INFO - Página encontrada: page_frm_it_assets
2025-12-12 23:32:43,311 - INFO - Página encontrada: page_frm_job_titles
2025-12-12 23:32:45,384 - INFO - Página encontrada: page_frm_job_titles
2025-12-12 23:32:46,239 - INFO - Página encontrada: page_frm_requests
2025-12-12 23:32:48,863 - INFO - Página encontrada: page_frm_sessions
2025-12-12 23:32:50,128 - INFO - Página encontrada: page_frm_users
2025-12-12 23:32:52,336 - INFO - Página encontrada: page_frm_users
2025-12-12 23:32:53,863 - INFO - Página encontrada: page_frm_company
2025-12-12 23:33:00,792 - INFO - Página encontrada: page_frm_clients
2025-12-12 23:33:02,264 - INFO - Página encontrada: page_frm_currencies
2025-12-12 23:33:03,240 - INFO - Página encontrada: page_frm_action_categories
2025-12-12 23:33:03,240 - INFO - Página encontrada: page_frm_action_categories
2025-12-12 23:33:04,464 - INFO - Página encontrada: page_frm_functional_units
2025-12-12 23:33:05,888 - INFO - Página encontrada: page_frm_actions
2025-12-12 23:33:06,432 - INFO - Página encontrada: page_frm_employees
2025-12-12 23:33:07,576 - INFO - Página encontrada: page_frm_job_titles
2025-12-12 23:33:08,144 - INFO - Página encontrada: page_frm_requests
2025-12-12 23:33:09,800 - INFO - Página encontrada: page_frm_clients
2025-12-12 23:33:12,728 - INFO - Página encontrada: page_frm_currencies
2025-12-12 23:37:19,872 - INFO - Base de datos ArkToolsBD.sqlite inicializada y tablas verificadas.
2025-12-12 23:37:27,058 - INFO - Página encontrada: page_frm_company
2025-12-12 23:37:28,858 - INFO - Página encontrada: page_frm_clients
2025-12-12 23:37:30,778 - INFO - Página encontrada: page_frm_currencies
2025-12-12 23:37:31,914 - INFO - Página encontrada: page_frm_action_categories
2025-12-12 23:37:31,914 - INFO - Página encontrada: page_frm_action_categories
2025-12-12 23:37:32,602 - INFO - Página encontrada: page_frm_functional_units
2025-12-12 23:37:33,194 - INFO - Página encontrada: page_frm_actions
2025-12-12 23:37:33,722 - INFO - Página encontrada: page_frm_employees
2025-12-12 23:37:34,242 - INFO - Página encontrada: page_frm_device_types
2025-12-12 23:37:34,746 - INFO - Página encontrada: page_frm_it_assets
2025-12-12 23:37:35,250 - INFO - Página encontrada: page_frm_job_titles
2025-12-12 23:46:16,771 - INFO - Base de datos ArkToolsBD.sqlite inicializada y tablas verificadas.
2025-12-12 23:46:23,374 - INFO - Página encontrada: page_frm_company
2025-12-12 23:46:24,958 - INFO - Página encontrada: page_frm_clients
2025-12-12 23:46:26,534 - INFO - Página encontrada: page_frm_currencies
2025-12-12 23:46:27,774 - INFO - Página encontrada: page_frm_action_categories
2025-12-12 23:46:27,774 - INFO - Página encontrada: page_frm_action_categories
2025-12-12 23:46:28,694 - INFO - Página encontrada: page_frm_functional_units
2025-12-12 23:46:29,550 - INFO - Página encontrada: page_frm_actions
2025-12-12 23:46:30,406 - INFO - Página encontrada: page_frm_employees
2025-12-12 23:46:31,902 - INFO - Página encontrada: page_frm_device_types
2025-12-12 23:46:32,990 - INFO - Página encontrada: page_frm_it_assets
2025-12-12 23:46:33,814 - INFO - Página encontrada: page_frm_job_titles
2025-12-12 23:46:36,214 - INFO - Página encontrada: page_frm_requests
2025-12-12 23:46:37,902 - INFO - Página encontrada: page_frm_sessions
2025-12-12 23:46:41,654 - INFO - Página encontrada: page_frm_users
2025-12-12 23:46:43,414 - INFO - Página encontrada: page_frm_sessions
2025-12-12 23:46:44,654 - INFO - Página encontrada: page_frm_company
2025-12-12 23:47:43,638 - INFO - Página encontrada: page_frm_clients
2025-12-13 00:04:45,099 - INFO - Base de datos ArkToolsBD.sqlite inicializada y tablas verificadas.
2025-12-13 00:05:21,962 - INFO - Página encontrada: page_frm_company
2025-12-13 00:05:24,194 - INFO - Página encontrada: page_frm_clients
2025-12-13 00:05:25,826 - INFO - Página encontrada: page_frm_company
2025-12-13 00:05:28,754 - INFO - Página encontrada: page_frm_clients
2025-12-13 00:05:30,778 - INFO - Página encontrada: page_frm_currencies
2025-12-13 00:05:32,002 - INFO - Página encontrada: page_frm_clients
2025-12-13 00:05:32,882 - INFO - Página encontrada: page_frm_company
2025-12-13 01:20:48,714 - INFO - Base de datos ArkToolsBD.sqlite inicializada y tablas verificadas.
2025-12-13 01:20:55,875 - INFO - Página encontrada: page_frm_company
2025-12-13 01:20:58,043 - INFO - Página encontrada: page_frm_clients
2025-12-13 01:20:59,003 - INFO - Página encontrada: page_frm_currencies
2025-12-13 01:20:59,939 - INFO - Página encontrada: page_frm_action_categories
2025-12-13 01:20:59,939 - INFO - Página encontrada: page_frm_action_categories
2025-12-13 01:21:01,323 - INFO - Página encontrada: page_frm_functional_units
2025-12-13 01:21:02,459 - INFO - Página encontrada: page_frm_actions
2025-12-13 01:21:03,611 - INFO - Página encontrada: page_frm_employees
2025-12-13 01:21:05,563 - INFO - Página encontrada: page_frm_device_types
2025-12-13 01:21:07,123 - INFO - Página encontrada: page_frm_employees
2025-12-13 01:21:10,251 - INFO - Página encontrada: page_frm_device_types
2025-12-13 01:21:11,139 - INFO - Página encontrada: page_frm_it_assets
2025-12-13 01:21:12,299 - INFO - Página encontrada: page_frm_job_titles
2025-12-13 01:21:13,459 - INFO - Página encontrada: page_frm_requests
2025-12-13 01:21:14,195 - INFO - Página encontrada: page_frm_sessions
2025-12-13 01:21:14,883 - INFO - Página encontrada: page_frm_users
2025-12-13 01:36:27,828 - INFO - Base de datos ArkToolsBD.sqlite inicializada y tablas verificadas.
2025-12-13 01:39:17,323 - INFO - Base de datos ArkToolsBD.sqlite inicializada y tablas verificadas.
2025-12-13 01:45:20,323 - INFO - Base de datos ArkToolsBD.sqlite inicializada y tablas verificadas.
2025-12-13 01:46:17,621 - INFO - Base de datos ArkToolsBD.sqlite inicializada y tablas verificadas.
2025-12-13 01:50:47,058 - INFO - Base de datos ArkToolsBD.sqlite inicializada y tablas verificadas.
2025-12-13 01:56:03,389 - INFO - Base de datos ArkToolsBD.sqlite inicializada y tablas verificadas.
2025-12-13 01:58:27,203 - INFO - Base de datos ArkToolsBD.sqlite inicializada y tablas verificadas.
2025-12-13 19:03:45,771 - INFO - Base de datos ArkToolsBD.sqlite inicializada y tablas verificadas.
2025-12-13 19:03:51,772 - INFO - Página encontrada: page_frm_company
2025-12-13 19:03:55,402 - INFO - Página encontrada: page_frm_clients
2025-12-13 19:03:57,081 - INFO - Página encontrada: page_frm_currencies
2025-12-13 19:03:58,666 - INFO - Página encontrada: page_frm_action_categories
2025-12-13 19:03:58,666 - INFO - Página encontrada: page_frm_action_categories
2025-12-13 19:04:00,194 - INFO - Página encontrada: page_frm_currencies
2025-12-13 19:04:01,555 - INFO - Página encontrada: page_frm_clients
2025-12-13 19:04:04,914 - INFO - Página encontrada: page_frm_currencies
2025-12-13 19:04:05,954 - INFO - Página encontrada: page_frm_action_categories
2025-12-13 19:04:05,954 - INFO - Página encontrada: page_frm_action_categories
2025-12-13 19:04:06,994 - INFO - Página encontrada: page_frm_functional_units
2025-12-13 19:04:08,290 - INFO - Página encontrada: page_frm_actions
2025-12-13 19:04:10,802 - INFO - Página encontrada: page_frm_employees
2025-12-13 19:04:13,833 - INFO - Página encontrada: page_frm_device_types
2025-12-13 19:04:15,274 - INFO - Página encontrada: page_frm_it_assets
2025-12-13 19:04:17,658 - INFO - Página encontrada: page_frm_device_types
2025-12-13 19:04:19,618 - INFO - Página encontrada: page_frm_it_assets
2025-12-13 19:04:21,970 - INFO - Página encontrada: page_frm_job_titles
2025-12-13 19:04:23,810 - INFO - Página encontrada: page_frm_it_assets
2025-12-13 19:04:26,162 - INFO - Página encontrada: page_frm_it_assets
2025-12-13 19:04:28,786 - INFO - Página encontrada: page_frm_employees
2025-12-13 19:04:33,066 - INFO - Página encontrada: page_frm_device_types
2025-12-13 19:04:35,874 - INFO - Página encontrada: page_frm_it_assets
2025-12-13 19:04:37,218 - INFO - Página encontrada: page_frm_job_titles
2025-12-13 19:04:40,050 - INFO - Página encontrada: page_frm_requests
2025-12-13 19:04:42,834 - INFO - Página encontrada: page_frm_sessions
2025-12-13 19:04:45,170 - INFO - Página encontrada: page_frm_users
2025-12-14 00:12:15,492 - INFO - Base de datos ArkToolsBD.sqlite inicializada y tablas verificadas.
2025-12-14 00:12:38,551 - INFO - Página encontrada: page_frm_company
2025-12-14 00:12:41,014 - INFO - Página encontrada: page_frm_clients
2025-12-14 00:12:45,736 - INFO - Página encontrada: page_frm_currencies
2025-12-14 00:12:51,192 - INFO - Página encontrada: page_frm_action_categories
2025-12-14 00:12:51,193 - INFO - Página encontrada: page_frm_action_categories
2025-12-14 00:12:54,215 - INFO - Página encontrada: page_frm_functional_units
2025-12-14 00:12:55,783 - INFO - Página encontrada: page_frm_actions
2025-12-14 00:12:58,295 - INFO - Página encontrada: page_frm_employees
2025-12-14 00:13:04,983 - INFO - Página encontrada: page_frm_device_types
2025-12-14 00:13:07,055 - INFO - Página encontrada: page_frm_it_assets
2025-12-14 00:13:08,343 - INFO - Página encontrada: page_frm_job_titles
2025-12-14 00:13:09,967 - INFO - Página encontrada: page_frm_requests
2025-12-14 00:13:11,487 - INFO - Página encontrada: page_frm_sessions
2025-12-14 00:13:12,527 - INFO - Página encontrada: page_frm_users
2025-12-14 00:13:41,296 - INFO - Página encontrada: page_frm_company
2025-12-14 00:13:52,183 - INFO - Página encontrada: page_frm_clients
2025-12-14 00:13:59,503 - INFO - Página encontrada: page_frm_company
2025-12-14 00:14:03,255 - INFO - Página encontrada: page_frm_clients
2025-12-14 00:14:06,399 - INFO - Página encontrada: page_frm_currencies
2025-12-14 00:14:09,639 - INFO - Página encontrada: page_frm_functional_units
2025-12-14 00:14:13,591 - INFO - Página encontrada: page_frm_actions
2025-12-14 00:22:53,421 - INFO - Base de datos ArkToolsBD.sqlite inicializada y tablas verificadas.
2025-12-14 00:24:32,166 - INFO - Base de datos ArkToolsBD.sqlite inicializada y tablas verificadas.
2025-12-14 09:48:16,190 - INFO - Base de datos ArkToolsBD.sqlite inicializada y tablas verificadas.
2025-12-14 09:48:55,089 - INFO - Página encontrada: page_frm_users
2025-12-14 09:48:57,353 - INFO - Página encontrada: page_frm_company
2025-12-14 09:49:01,393 - INFO - Página encontrada: page_frm_clients
2025-12-14 09:49:02,745 - INFO - Página encontrada: page_frm_company
2025-12-14 09:49:06,057 - INFO - Página encontrada: page_frm_clients
2025-12-14 09:49:08,025 - INFO - Página encontrada: page_frm_company
2025-12-14 09:49:11,584 - INFO - Página encontrada: page_frm_clients
2025-12-14 09:49:12,936 - INFO - Página encontrada: page_frm_currencies
2025-12-14 09:49:15,961 - INFO - Página encontrada: page_frm_action_categories
2025-12-14 09:49:15,962 - INFO - Página encontrada: page_frm_action_categories
2025-12-14 09:49:21,889 - INFO - Página encontrada: page_frm_functional_units
2025-12-14 09:49:37,817 - INFO - Página encontrada: page_frm_actions
2025-12-14 09:49:40,233 - INFO - Página encontrada: page_frm_employees
2025-12-14 09:49:41,329 - INFO - Página encontrada: page_frm_device_types
2025-12-14 09:49:42,561 - INFO - Página encontrada: page_frm_it_assets
2025-12-14 09:49:43,537 - INFO - Página encontrada: page_frm_job_titles
2025-12-14 09:49:44,713 - INFO - Página encontrada: page_frm_requests
2025-12-14 09:49:45,209 - INFO - Página encontrada: page_frm_sessions
2025-12-14 09:49:45,769 - INFO - Página encontrada: page_frm_users
2025-12-14 10:00:49,061 - INFO - Base de datos ArkToolsBD.sqlite inicializada y tablas verificadas.
2025-12-14 10:00:56,911 - INFO - Consulta a ark_company ejecutada y resultados mostrados.
2025-12-14 22:22:00,968 - INFO - Base de datos ArkToolsBD.sqlite inicializada y tablas verificadas.
2025-12-14 22:22:23,156 - INFO - Página encontrada: page_frm_company
2025-12-14 22:22:26,659 - INFO - Página encontrada: page_frm_clients
2025-12-14 22:23:27,083 - INFO - Página encontrada: page_frm_clients
2025-12-14 22:23:30,908 - INFO - Página encontrada: page_frm_company
2025-12-14 22:23:32,515 - INFO - Página encontrada: page_frm_clients
2025-12-14 22:23:34,547 - INFO - Página encontrada: page_frm_company
2025-12-14 22:23:35,700 - INFO - Página encontrada: page_frm_clients
2025-12-14 22:23:36,876 - INFO - Página encontrada: page_frm_currencies
2025-12-14 22:23:45,516 - INFO - Página encontrada: page_frm_clients
2025-12-14 22:23:50,172 - INFO - Página encontrada: page_frm_currencies
2025-12-14 22:23:51,187 - INFO - Página encontrada: page_frm_action_categories
2025-12-14 22:23:51,188 - INFO - Página encontrada: page_frm_action_categories
2025-12-14 22:24:00,972 - INFO - Página encontrada: page_frm_action_categories
2025-12-14 22:24:00,972 - INFO - Página encontrada: page_frm_action_categories
2025-12-14 22:24:01,804 - INFO - Página encontrada: page_frm_functional_units
2025-12-14 22:24:05,788 - INFO - Página encontrada: page_frm_action_categories
2025-12-14 22:24:05,788 - INFO - Página encontrada: page_frm_action_categories
2025-12-14 22:24:08,348 - INFO - Página encontrada: page_frm_functional_units
2025-12-14 22:24:10,220 - INFO - Página encontrada: page_frm_actions
2025-12-14 22:24:12,412 - INFO - Página encontrada: page_frm_employees
2025-12-14 22:24:16,516 - INFO - Página encontrada: page_frm_device_types
2025-12-14 22:24:19,716 - INFO - Página encontrada: page_frm_it_assets
2025-12-14 22:24:23,316 - INFO - Página encontrada: page_frm_job_titles
2025-12-14 22:24:24,556 - INFO - Página encontrada: page_frm_requests
2025-12-14 22:24:25,196 - INFO - Página encontrada: page_frm_sessions
2025-12-14 22:24:26,612 - INFO - Página encontrada: page_frm_users
2025-12-20 11:50:09,667 - INFO - Base de datos ArkToolsBD.sqlite inicializada y tablas verificadas.
2025-12-20 11:51:17,190 - INFO - Página encontrada: page_frm_company
2025-12-20 11:51:20,866 - INFO - Página encontrada: page_frm_clients
2025-12-20 11:51:31,202 - INFO - Página encontrada: page_frm_currencies
2025-12-20 11:51:36,314 - INFO - Página encontrada: page_frm_action_categories
2025-12-20 11:51:36,315 - INFO - Página encontrada: page_frm_action_categories
2025-12-20 11:51:40,322 - INFO - Página encontrada: page_frm_functional_units
2025-12-20 11:51:45,282 - INFO - Página encontrada: page_frm_actions
2025-12-20 11:51:49,210 - INFO - Página encontrada: page_frm_employees
2025-12-20 11:51:55,762 - INFO - Página encontrada: page_frm_device_types
2025-12-20 11:52:00,666 - INFO - Página encontrada: page_frm_it_assets
2025-12-20 11:52:26,026 - INFO - Página encontrada: page_frm_job_titles
2025-12-20 11:52:31,266 - INFO - Página encontrada: page_frm_requests
2025-12-20 11:52:38,779 - INFO - Página encontrada: page_frm_sessions
2025-12-20 11:52:43,003 - INFO - Página encontrada: page_frm_users
2025-12-20 11:52:58,424 - INFO - Consulta a ark_company ejecutada y resultados mostrados.
2025-12-20 11:53:02,819 - INFO - Se ha solicitado cambiar la configuración regional.
2025-12-20 11:53:04,896 - INFO - Iniciando proceso de cambio de configuración regional.
2025-12-20 11:53:04,897 - INFO - Configuración regional actualizada correctamente.
2025-12-20 11:54:16,700 - INFO - Página encontrada: page_frm_company
2025-12-20 11:54:23,180 - INFO - Página encontrada: page_frm_clients
2025-12-20 11:54:25,988 - INFO - Página encontrada: page_frm_company
2025-12-20 11:54:50,005 - INFO - Página encontrada: page_frm_clients
2025-12-20 11:54:51,836 - INFO - Página encontrada: page_frm_company
2025-12-20 11:54:53,940 - INFO - Página encontrada: page_frm_clients
2025-12-20 11:54:55,924 - INFO - Página encontrada: page_frm_currencies
2025-12-20 11:54:59,316 - INFO - Página encontrada: page_frm_action_categories
2025-12-20 11:54:59,317 - INFO - Página encontrada: page_frm_action_categories
2025-12-20 11:55:00,620 - INFO - Página encontrada: page_frm_functional_units
2025-12-20 11:55:01,908 - INFO - Página encontrada: page_frm_actions
2025-12-20 11:55:03,084 - INFO - Página encontrada: page_frm_employees
2025-12-20 11:55:05,540 - INFO - Página encontrada: page_frm_device_types
2025-12-20 11:55:06,932 - INFO - Página encontrada: page_frm_it_assets
2025-12-20 11:55:08,708 - INFO - Página encontrada: page_frm_job_titles
2025-12-20 11:55:10,092 - INFO - Página encontrada: page_frm_requests
2025-12-20 11:55:11,404 - INFO - Página encontrada: page_frm_sessions
2025-12-20 11:55:12,780 - INFO - Página encontrada: page_frm_users
2025-12-20 11:55:17,260 - INFO - Página encontrada: page_frm_requests
2025-12-20 11:55:18,508 - INFO - Página encontrada: page_frm_sessions
2025-12-20 11:55:20,196 - INFO - Página encontrada: page_frm_requests
2025-12-20 11:55:22,140 - INFO - Página encontrada: page_frm_sessions
2025-12-20 11:55:23,052 - INFO - Página encontrada: page_frm_users
2025-12-20 11:55:26,444 - INFO - Página encontrada: page_frm_sessions
2025-12-20 11:55:30,508 - INFO - Página encontrada: page_frm_requests
2025-12-20 11:55:31,588 - INFO - Página encontrada: page_frm_job_titles
2025-12-20 11:55:32,412 - INFO - Página encontrada: page_frm_it_assets
2025-12-20 11:55:33,652 - INFO - Página encontrada: page_frm_company
2025-12-20 11:55:35,933 - INFO - Página encontrada: page_frm_clients
2025-12-20 11:55:37,284 - INFO - Página encontrada: page_frm_company
2025-12-20 11:56:35,886 - INFO - Página encontrada: page_frm_company
2025-12-20 11:56:40,365 - INFO - Página encontrada: page_frm_clients
2025-12-20 11:56:42,229 - INFO - Página encontrada: page_frm_currencies
2025-12-20 11:56:43,637 - INFO - Página encontrada: page_frm_action_categories
2025-12-20 11:56:43,638 - INFO - Página encontrada: page_frm_action_categories
2025-12-20 11:56:44,653 - INFO - Página encontrada: page_frm_functional_units
2025-12-20 11:56:45,765 - INFO - Página encontrada: page_frm_actions
2025-12-20 11:56:46,789 - INFO - Página encontrada: page_frm_employees
2025-12-20 11:56:48,045 - INFO - Página encontrada: page_frm_device_types
2025-12-20 11:56:49,038 - INFO - Página encontrada: page_frm_it_assets
2025-12-20 11:56:50,221 - INFO - Página encontrada: page_frm_job_titles
2025-12-20 11:56:51,245 - INFO - Página encontrada: page_frm_requests
2025-12-20 11:56:52,654 - INFO - Página encontrada: page_frm_company
2025-12-20 11:56:54,678 - INFO - Página encontrada: page_frm_clients
2025-12-20 11:56:55,829 - INFO - Página encontrada: page_frm_company
2025-12-20 11:56:56,933 - INFO - Página encontrada: page_frm_clients
2025-12-20 11:57:00,221 - INFO - Página encontrada: page_frm_company
2025-12-20 11:57:02,070 - INFO - Página encontrada: page_frm_clients
2025-12-20 11:57:06,725 - INFO - Página encontrada: page_frm_currencies
2025-12-20 11:57:07,542 - INFO - Página encontrada: page_frm_action_categories
2025-12-20 11:57:07,542 - INFO - Página encontrada: page_frm_action_categories
2025-12-20 11:57:08,637 - INFO - Página encontrada: page_frm_functional_units
2025-12-20 11:57:09,918 - INFO - Página encontrada: page_frm_actions
2025-12-20 11:57:11,189 - INFO - Página encontrada: page_frm_employees
2025-12-20 11:57:12,374 - INFO - Página encontrada: page_frm_device_types
2025-12-20 11:57:13,294 - INFO - Página encontrada: page_frm_it_assets
2025-12-20 11:57:14,206 - INFO - Página encontrada: page_frm_job_titles
2025-12-20 11:57:15,422 - INFO - Página encontrada: page_frm_requests
2025-12-20 11:57:16,870 - INFO - Página encontrada: page_frm_sessions
2025-12-20 11:57:22,590 - INFO - Página encontrada: page_frm_company
2025-12-20 11:57:24,622 - INFO - Página encontrada: page_frm_job_titles
2025-12-20 11:57:26,158 - INFO - Página encontrada: page_frm_requests
2025-12-20 11:57:42,158 - INFO - Página encontrada: page_frm_sessions
2025-12-20 11:58:02,382 - INFO - Página encontrada: page_frm_users
2025-12-20 12:01:52,353 - INFO - Página encontrada: page_frm_company
2025-12-20 12:02:01,401 - INFO - Página encontrada: page_frm_clients
2025-12-20 12:02:09,945 - INFO - Página encontrada: page_frm_currencies
2025-12-20 12:02:12,561 - INFO - Página encontrada: page_frm_action_categories
2025-12-20 12:02:12,561 - INFO - Página encontrada: page_frm_action_categories
2025-12-20 12:02:18,329 - INFO - Página encontrada: page_frm_functional_units
2025-12-20 12:02:25,897 - INFO - Página encontrada: page_frm_actions
2025-12-20 12:02:41,209 - INFO - Página encontrada: page_frm_employees
2025-12-20 12:02:55,329 - INFO - Página encontrada: page_frm_device_types
2025-12-20 12:03:21,530 - INFO - Página encontrada: page_frm_it_assets
2025-12-20 12:04:18,642 - INFO - Página encontrada: page_frm_job_titles
2025-12-20 12:04:24,698 - INFO - Página encontrada: page_frm_requests
2025-12-20 12:04:29,386 - INFO - Página encontrada: page_frm_sessions
2025-12-20 12:04:38,906 - INFO - Página encontrada: page_frm_users
2025-12-20 19:07:14,879 - INFO - Base de datos ArkToolsBD.sqlite inicializada y tablas verificadas.
2025-12-20 19:07:56,339 - INFO - Página encontrada: page_frm_company
2025-12-20 19:07:58,207 - INFO - Página encontrada: page_frm_clients
2025-12-20 19:08:01,199 - INFO - Página encontrada: page_frm_currencies
2025-12-20 19:08:02,623 - INFO - Página encontrada: page_frm_action_categories
2025-12-20 19:08:02,624 - INFO - Página encontrada: page_frm_action_categories
2025-12-20 19:08:04,008 - INFO - Página encontrada: page_frm_functional_units
2025-12-20 19:08:05,119 - INFO - Página encontrada: page_frm_actions
2025-12-20 19:08:06,607 - INFO - Página encontrada: page_frm_employees
2025-12-20 19:08:07,655 - INFO - Página encontrada: page_frm_device_types
2025-12-20 19:08:09,023 - INFO - Página encontrada: page_frm_it_assets
2025-12-20 19:08:10,399 - INFO - Página encontrada: page_frm_job_titles
2025-12-20 19:08:11,415 - INFO - Página encontrada: page_frm_requests
2025-12-20 19:08:12,743 - INFO - Página encontrada: page_frm_sessions
2025-12-20 19:08:14,015 - INFO - Página encontrada: page_frm_users
2025-12-20 19:13:37,006 - INFO - Base de datos ArkToolsBD.sqlite inicializada y tablas verificadas.
2025-12-20 19:13:44,004 - INFO - Página encontrada: page_frm_prueba
2025-12-20 19:13:53,275 - INFO - Página encontrada: page_frm_clients
2025-12-20 19:13:55,507 - INFO - Página encontrada: page_frm_prueba
2025-12-20 19:13:59,795 - INFO - Página encontrada: page_frm_clients
2025-12-20 19:14:01,579 - INFO - Página encontrada: page_frm_currencies
2025-12-20 19:14:03,315 - INFO - Página encontrada: page_frm_action_categories
2025-12-20 19:14:03,316 - INFO - Página encontrada: page_frm_action_categories
2025-12-20 19:14:04,771 - INFO - Página encontrada: page_frm_prueba
2025-12-20 19:27:34,810 - INFO - Base de datos ArkToolsBD.sqlite inicializada y tablas verificadas.
2025-12-20 19:27:40,325 - ERROR - Página no encontrada: page_frm_aaa_company
2025-12-20 19:27:46,140 - INFO - Página encontrada: page_frm_clients
2025-12-20 19:27:47,796 - ERROR - Página no encontrada: page_frm_aaa_company
2025-12-20 19:27:52,596 - ERROR - Página no encontrada: page_frm_aaa_company
2025-12-20 19:27:54,340 - INFO - Página encontrada: page_frm_currencies
2025-12-20 19:27:56,004 - INFO - Página encontrada: page_frm_clients
2025-12-20 19:27:57,404 - ERROR - Página no encontrada: page_frm_aaa_company
2025-12-20 19:27:57,932 - ERROR - Página no encontrada: page_frm_aaa_company
2025-12-20 19:27:58,140 - ERROR - Página no encontrada: page_frm_aaa_company
2025-12-20 19:28:07,060 - ERROR - Página no encontrada: page_frm_aaa_company
2025-12-20 19:28:09,196 - ERROR - Página no encontrada: page_frm_aaa_company
2025-12-20 19:28:12,724 - INFO - Página encontrada: page_frm_clients
2025-12-20 19:28:14,028 - INFO - Página encontrada: page_frm_currencies
2025-12-20 19:35:12,446 - INFO - Base de datos ArkToolsBD.sqlite inicializada y tablas verificadas.
2025-12-20 19:35:24,785 - INFO - Página encontrada: page_frm_aaa_company
2025-12-20 19:35:51,193 - INFO - Página encontrada: page_frm_clients
2025-12-20 19:35:53,641 - INFO - Página encontrada: page_frm_aaa_company
2025-12-20 19:35:56,113 - INFO - Página encontrada: page_frm_clients
2025-12-20 19:35:57,105 - INFO - Página encontrada: page_frm_currencies
2025-12-20 19:35:58,449 - INFO - Página encontrada: page_frm_action_categories
2025-12-20 19:35:58,450 - INFO - Página encontrada: page_frm_action_categories
2025-12-20 19:35:58,954 - INFO - Página encontrada: page_frm_functional_units
2025-12-20 19:49:55,908 - INFO - Base de datos ArkToolsBD.sqlite inicializada y tablas verificadas.
2025-12-20 19:50:02,939 - INFO - Página encontrada: page_frm_a_company
2025-12-20 19:50:05,082 - INFO - Página encontrada: page_frm_clients
2025-12-20 19:50:06,610 - INFO - Página encontrada: page_frm_a_company
2025-12-20 19:50:08,106 - INFO - Página encontrada: page_frm_clients
2025-12-20 19:50:11,186 - INFO - Página encontrada: page_frm_currencies
2025-12-20 19:50:12,410 - INFO - Página encontrada: page_frm_action_categories
2025-12-20 19:50:12,411 - INFO - Página encontrada: page_frm_action_categories
2025-12-20 19:50:13,506 - INFO - Página encontrada: page_frm_functional_units
2025-12-20 19:50:14,066 - INFO - Página encontrada: page_frm_actions
2025-12-20 19:50:15,210 - INFO - Página encontrada: page_frm_employees
2025-12-20 19:50:15,954 - INFO - Página encontrada: page_frm_device_types
2025-12-20 19:50:16,626 - INFO - Página encontrada: page_frm_it_assets
2025-12-20 19:50:17,370 - INFO - Página encontrada: page_frm_job_titles
2025-12-20 19:50:18,226 - INFO - Página encontrada: page_frm_requests
2025-12-20 19:50:18,970 - INFO - Página encontrada: page_frm_sessions
2025-12-20 19:50:19,594 - INFO - Página encontrada: page_frm_users
2025-12-20 20:13:47,424 - INFO - Base de datos ArkToolsBD.sqlite inicializada y tablas verificadas.
2025-12-20 20:13:55,659 - INFO - Página encontrada: page_frm_a_company
2025-12-20 20:13:59,689 - INFO - Página encontrada: page_frm_clients
2025-12-20 20:14:00,809 - INFO - Página encontrada: page_frm_currencies
2025-12-20 20:14:02,105 - INFO - Página encontrada: page_frm_action_categories
2025-12-20 20:14:02,106 - INFO - Página encontrada: page_frm_action_categories
2025-12-20 20:14:02,921 - INFO - Página encontrada: page_frm_functional_units
2025-12-20 20:14:03,545 - INFO - Página encontrada: page_frm_actions
2025-12-20 20:14:04,185 - INFO - Página encontrada: page_frm_employees
2025-12-20 20:14:05,097 - INFO - Página encontrada: page_frm_device_types
2025-12-20 20:14:06,137 - INFO - Página encontrada: page_frm_it_assets
2025-12-20 20:14:08,721 - INFO - Página encontrada: page_frm_job_titles
2025-12-20 20:14:09,474 - INFO - Página encontrada: page_frm_requests
2025-12-20 20:14:10,257 - INFO - Página encontrada: page_frm_sessions
2025-12-20 20:14:11,161 - INFO - Página encontrada: page_frm_users
2025-12-20 20:14:22,050 - INFO - Página encontrada: page_frm_a_company
2025-12-20 20:15:04,522 - INFO - Página encontrada: page_frm_clients
2025-12-20 20:15:06,002 - INFO - Página encontrada: page_frm_a_company
2025-12-20 20:15:06,930 - INFO - Página encontrada: page_frm_clients
2025-12-20 20:15:09,330 - INFO - Página encontrada: page_frm_a_company
2025-12-20 20:15:11,026 - INFO - Página encontrada: page_frm_clients
2025-12-20 20:29:30,869 - INFO - Base de datos ArkToolsBD.sqlite inicializada y tablas verificadas.
2025-12-20 20:29:37,557 - INFO - Página encontrada: page_frm_a_company
2025-12-20 20:30:07,436 - INFO - Página encontrada: page_frm_clients
2025-12-20 20:30:08,411 - INFO - Página encontrada: page_frm_currencies
2025-12-20 20:30:09,004 - INFO - Página encontrada: page_frm_currencies
2025-12-20 20:30:09,629 - INFO - Página encontrada: page_frm_action_categories
2025-12-20 20:30:09,629 - INFO - Página encontrada: page_frm_action_categories
2025-12-20 20:30:10,667 - INFO - Página encontrada: page_frm_a_company
2025-12-20 20:31:42,241 - INFO - Base de datos ArkToolsBD.sqlite inicializada y tablas verificadas.
2025-12-20 23:32:35,638 - INFO - Base de datos ArkToolsBD.sqlite inicializada y tablas verificadas.
2025-12-20 23:40:47,973 - INFO - Base de datos ArkToolsBD.sqlite inicializada y tablas verificadas.
2025-12-20 23:42:25,812 - INFO - Base de datos ArkToolsBD.sqlite inicializada y tablas verificadas.
2025-12-20 23:45:08,813 - INFO - Base de datos ArkToolsBD.sqlite inicializada y tablas verificadas.
2025-12-20 23:50:19,216 - INFO - Base de datos ArkToolsBD.sqlite inicializada y tablas verificadas.
2025-12-20 23:50:25,173 - INFO - Página encontrada: page_frm_a_company
2025-12-20 23:50:26,618 - INFO - Página encontrada: page_frm_clients
2025-12-20 23:50:27,690 - INFO - Página encontrada: page_frm_currencies
2025-12-20 23:50:28,546 - INFO - Página encontrada: page_frm_action_categories
2025-12-20 23:50:28,547 - INFO - Página encontrada: page_frm_action_categories
2025-12-20 23:50:29,322 - INFO - Página encontrada: page_frm_functional_units
2025-12-20 23:50:30,634 - INFO - Página encontrada: page_frm_actions
2025-12-20 23:50:31,730 - INFO - Página encontrada: page_frm_employees
2025-12-20 23:50:33,186 - INFO - Página encontrada: page_frm_device_types
2025-12-20 23:50:34,314 - INFO - Página encontrada: page_frm_it_assets
2025-12-20 23:50:35,650 - INFO - Página encontrada: page_frm_job_titles
2025-12-20 23:50:36,818 - INFO - Página encontrada: page_frm_requests
2025-12-20 23:50:37,890 - INFO - Página encontrada: page_frm_sessions
2025-12-20 23:50:38,898 - INFO - Página encontrada: page_frm_users
2025-12-21 14:07:51,069 - INFO - Base de datos ArkToolsBD.sqlite inicializada y tablas verificadas.
2025-12-21 14:11:28,199 - INFO - Base de datos ArkToolsBD.sqlite inicializada y tablas verificadas.
2025-12-21 14:21:32,312 - INFO - Base de datos ArkToolsBD.sqlite inicializada y tablas verificadas.
2025-12-21 14:21:47,214 - INFO - Base de datos ArkToolsBD.sqlite inicializada y tablas verificadas.
2025-12-21 14:24:39,692 - INFO - Base de datos ArkToolsBD.sqlite inicializada y tablas verificadas.
2025-12-21 14:26:47,093 - INFO - Base de datos ArkToolsBD.sqlite inicializada y tablas verificadas.
2025-12-21 14:26:54,172 - INFO - Página encontrada: page_frm_a_company
2025-12-21 14:30:30,763 - INFO - Base de datos ArkToolsBD.sqlite inicializada y tablas verificadas.
2025-12-21 14:30:45,926 - INFO - Página encontrada: page_frm_a_company
2025-12-21 14:36:47,391 - INFO - Base de datos ArkToolsBD.sqlite inicializada y tablas verificadas.
2025-12-21 14:36:53,210 - INFO - Página encontrada: page_frm_a_company
2025-12-21 14:37:18,321 - INFO - Página encontrada: page_frm_clients
2025-12-21 14:37:19,521 - INFO - Página encontrada: page_frm_a_company
2025-12-21 14:37:23,769 - INFO - Página encontrada: page_frm_clients
2025-12-21 14:37:25,177 - INFO - Página encontrada: page_frm_a_company
2025-12-21 14:40:07,008 - INFO - Base de datos ArkToolsBD.sqlite inicializada y tablas verificadas.
2025-12-21 14:40:12,820 - INFO - Página encontrada: page_frm_a_company
2025-12-21 14:43:12,256 - INFO - Base de datos ArkToolsBD.sqlite inicializada y tablas verificadas.
2025-12-21 14:43:17,870 - INFO - Página encontrada: page_frm_a_company
2025-12-21 15:05:38,293 - INFO - Base de datos ArkToolsBD.sqlite inicializada y tablas verificadas.
2025-12-21 15:05:44,154 - INFO - Página encontrada: page_frm_a_company
2025-12-21 15:06:43,722 - INFO - Base de datos ArkToolsBD.sqlite inicializada y tablas verificadas.
2025-12-21 15:06:49,610 - INFO - Página encontrada: page_frm_a_company
2025-12-21 15:07:55,467 - INFO - Base de datos ArkToolsBD.sqlite inicializada y tablas verificadas.
2025-12-21 15:07:59,571 - INFO - Página encontrada: page_frm_a_company
2025-12-21 15:12:26,581 - INFO - Página encontrada: page_frm_clients
2025-12-21 18:15:24,172 - INFO - Base de datos ArkToolsBD.sqlite inicializada y tablas verificadas.
2025-12-21 18:15:29,077 - INFO - Página encontrada: page_frm_a_company
2025-12-21 18:15:30,652 - INFO - Página encontrada: page_frm_clients
2025-12-21 18:15:33,188 - INFO - Página encontrada: page_frm_a_company
2025-12-21 18:15:46,028 - INFO - Página encontrada: page_frm_clients
2025-12-21 18:22:20,383 - INFO - Base de datos ArkToolsBD.sqlite inicializada y tablas verificadas.
2025-12-21 18:22:25,729 - INFO - Página encontrada: page_frm_a_company
2025-12-21 18:22:26,872 - INFO - Página encontrada: page_frm_clients
2025-12-21 18:22:28,152 - INFO - Página encontrada: page_frm_currencies
2025-12-21 18:22:29,472 - ERROR - Página no encontrada: page_frm_action_categories
2025-12-21 18:22:29,472 - ERROR - Página no encontrada: page_frm_action_categories
2025-12-21 18:22:32,624 - INFO - Página encontrada: page_frm_functional_units
2025-12-21 18:22:34,176 - INFO - Página encontrada: page_frm_actions
2025-12-21 18:22:35,384 - INFO - Página encontrada: page_frm_employees
2025-12-21 18:22:37,256 - INFO - Página encontrada: page_frm_device_types
2025-12-21 18:22:38,968 - INFO - Página encontrada: page_frm_it_assets
2025-12-21 18:22:40,752 - INFO - Página encontrada: page_frm_job_titles
2025-12-21 18:22:42,072 - INFO - Página encontrada: page_frm_requests
2025-12-21 18:22:43,456 - INFO - Página encontrada: page_frm_sessions
2025-12-21 18:22:45,136 - INFO - Página encontrada: page_frm_users
2025-12-21 18:22:49,368 - INFO - Página encontrada: page_frm_users
2025-12-21 18:22:51,552 - INFO - Página encontrada: page_frm_a_company
2025-12-21 18:24:43,336 - INFO - Base de datos ArkToolsBD.sqlite inicializada y tablas verificadas.
2025-12-21 18:24:47,738 - INFO - Página encontrada: page_frm_a_company
2025-12-21 18:30:34,951 - INFO - Base de datos ArkToolsBD.sqlite inicializada y tablas verificadas.
2025-12-21 18:30:39,677 - INFO - Página encontrada: page_frm_a_company
2025-12-21 18:33:21,748 - INFO - Base de datos ArkToolsBD.sqlite inicializada y tablas verificadas.
2025-12-21 18:33:26,502 - INFO - Página encontrada: page_frm_a_company
2025-12-21 18:34:49,425 - INFO - Base de datos ArkToolsBD.sqlite inicializada y tablas verificadas.
2025-12-21 18:34:54,471 - INFO - Página encontrada: page_frm_a_company
2025-12-21 18:35:07,847 - INFO - Página encontrada: page_frm_clients
2025-12-21 18:37:28,037 - INFO - Base de datos ArkToolsBD.sqlite inicializada y tablas verificadas.
2025-12-21 18:37:31,913 - INFO - Página encontrada: page_frm_a_company
2025-12-21 18:37:36,504 - INFO - Página encontrada: page_frm_actions
2025-12-21 18:38:22,957 - INFO - Base de datos ArkToolsBD.sqlite inicializada y tablas verificadas.
2025-12-21 18:38:27,289 - INFO - Página encontrada: page_frm_a_company
2025-12-21 18:38:29,576 - INFO - Página encontrada: page_frm_actions
2025-12-21 18:50:18,333 - INFO - Base de datos ArkToolsBD.sqlite inicializada y tablas verificadas.
2025-12-21 18:50:22,576 - INFO - Página encontrada: page_frm_a_company
2025-12-21 18:50:24,647 - INFO - Página encontrada: page_frm_clients
2025-12-21 18:50:27,207 - INFO - Página encontrada: page_frm_currencies
2025-12-21 18:50:34,847 - ERROR - Página no encontrada: page_frm_action_categories
2025-12-21 18:50:34,847 - ERROR - Página no encontrada: page_frm_action_categories
2025-12-21 18:50:37,311 - ERROR - Página no encontrada: page_frm_action_categories
2025-12-21 18:50:37,311 - ERROR - Página no encontrada: page_frm_action_categories
2025-12-21 18:50:38,679 - INFO - Página encontrada: page_frm_currencies
2025-12-21 18:50:39,943 - ERROR - Página no encontrada: page_frm_action_categories
2025-12-21 18:50:39,943 - ERROR - Página no encontrada: page_frm_action_categories
2025-12-21 18:50:41,615 - INFO - Página encontrada: page_frm_functional_units
2025-12-21 18:50:43,039 - ERROR - Página no encontrada: page_frm_action_categories
2025-12-21 18:50:43,039 - ERROR - Página no encontrada: page_frm_action_categories
2025-12-21 18:50:43,879 - ERROR - Página no encontrada: page_frm_action_categories
2025-12-21 18:50:43,879 - ERROR - Página no encontrada: page_frm_action_categories
2025-12-21 18:50:44,927 - INFO - Página encontrada: page_frm_currencies
2025-12-21 18:50:45,591 - ERROR - Página no encontrada: page_frm_action_categories
2025-12-21 18:50:45,591 - ERROR - Página no encontrada: page_frm_action_categories
2025-12-21 18:50:46,775 - INFO - Página encontrada: page_frm_currencies
2025-12-21 18:50:48,575 - ERROR - Página no encontrada: page_frm_action_categories
2025-12-21 18:50:48,575 - ERROR - Página no encontrada: page_frm_action_categories
2025-12-21 18:50:49,399 - INFO - Página encontrada: page_frm_currencies
2025-12-21 18:50:51,703 - ERROR - Página no encontrada: page_frm_action_categories
2025-12-21 18:50:51,703 - ERROR - Página no encontrada: page_frm_action_categories
2025-12-21 18:50:52,295 - INFO - Página encontrada: page_frm_functional_units
2025-12-21 18:50:54,767 - INFO - Página encontrada: page_frm_actions
2025-12-21 18:50:58,279 - INFO - Página encontrada: page_frm_employees
2025-12-21 18:51:01,680 - INFO - Página encontrada: page_frm_device_types
2025-12-21 18:51:03,623 - INFO - Página encontrada: page_frm_it_assets
2025-12-21 18:51:05,127 - INFO - Página encontrada: page_frm_job_titles
2025-12-21 18:51:08,991 - INFO - Página encontrada: page_frm_requests
2025-12-21 18:51:12,287 - INFO - Página encontrada: page_frm_sessions
2025-12-21 18:51:15,471 - INFO - Página encontrada: page_frm_users
2025-12-21 18:51:17,775 - INFO - Página encontrada: page_frm_a_company
2025-12-21 18:51:19,895 - INFO - Página encontrada: page_frm_clients
2025-12-21 18:51:21,975 - INFO - Página encontrada: page_frm_currencies
2025-12-21 18:51:25,680 - ERROR - Página no encontrada: page_frm_action_categories
2025-12-21 18:51:25,680 - ERROR - Página no encontrada: page_frm_action_categories
2025-12-21 18:53:18,753 - INFO - Base de datos ArkToolsBD.sqlite inicializada y tablas verificadas.
2025-12-21 18:53:23,433 - INFO - Página encontrada: page_frm_a_company
2025-12-21 18:53:24,985 - INFO - Página encontrada: page_frm_clients
2025-12-21 18:53:26,289 - INFO - Página encontrada: page_frm_currencies
2025-12-21 18:53:31,897 - INFO - Página encontrada: page_frm_actions_categories
2025-12-21 18:53:31,897 - ERROR - Página no encontrada: page_frm_action_categories
2025-12-21 18:53:35,017 - INFO - Página encontrada: page_frm_functional_units
2025-12-21 18:53:57,519 - INFO - Base de datos ArkToolsBD.sqlite inicializada y tablas verificadas.
2025-12-21 18:54:01,418 - INFO - Página encontrada: page_frm_actions_categories
2025-12-21 18:54:01,418 - ERROR - Página no encontrada: page_frm_action_categories
2025-12-21 18:54:04,465 - INFO - Página encontrada: page_frm_currencies
2025-12-21 18:54:14,665 - INFO - Página encontrada: page_frm_a_company
2025-12-21 18:54:21,537 - INFO - Página encontrada: page_frm_clients
2025-12-21 18:54:29,233 - INFO - Página encontrada: page_frm_currencies
2025-12-21 18:54:35,513 - INFO - Página encontrada: page_frm_actions_categories
2025-12-21 18:54:35,514 - ERROR - Página no encontrada: page_frm_action_categories
2025-12-21 18:54:47,578 - INFO - Página encontrada: page_frm_functional_units
2025-12-21 18:55:03,714 - INFO - Página encontrada: page_frm_actions
2025-12-21 18:55:12,265 - INFO - Página encontrada: page_frm_employees
2025-12-21 18:55:19,682 - INFO - Página encontrada: page_frm_device_types
2025-12-21 18:55:26,522 - INFO - Página encontrada: page_frm_it_assets
2025-12-21 18:55:34,970 - INFO - Página encontrada: page_frm_job_titles
2025-12-21 18:55:57,106 - INFO - Página encontrada: page_frm_requests
2025-12-21 18:56:18,130 - INFO - Página encontrada: page_frm_sessions
2025-12-21 18:56:35,770 - INFO - Página encontrada: page_frm_users
2025-12-21 19:05:05,809 - INFO - Base de datos ArkToolsBD.sqlite inicializada y tablas verificadas.
2025-12-21 19:05:11,920 - INFO - Página encontrada: page_frm_a_company
2025-12-21 19:05:20,615 - INFO - Página encontrada: page_frm_clients
2025-12-21 19:05:27,575 - INFO - Página encontrada: page_frm_currencies
2025-12-21 19:05:34,079 - INFO - Página encontrada: page_frm_actions_categories
2025-12-21 19:05:34,080 - ERROR - Página no encontrada: page_frm_action_categories
2025-12-21 19:06:20,600 - INFO - Página encontrada: page_frm_functional_units
2025-12-21 19:06:28,888 - INFO - Página encontrada: page_frm_actions
2025-12-21 19:06:40,680 - INFO - Página encontrada: page_frm_employees
2025-12-21 19:06:46,984 - INFO - Página encontrada: page_frm_device_types
2025-12-21 19:06:53,728 - INFO - Página encontrada: page_frm_it_assets
2025-12-21 19:07:31,568 - INFO - Página encontrada: page_frm_job_titles
2025-12-21 19:07:43,152 - INFO - Página encontrada: page_frm_requests
2025-12-21 19:07:59,888 - INFO - Página encontrada: page_frm_sessions
2025-12-21 19:08:14,601 - INFO - Página encontrada: page_frm_users
2025-12-21 19:48:09,933 - INFO - Base de datos ArkToolsBD.sqlite inicializada y tablas verificadas.
2025-12-21 19:48:15,264 - INFO - Página encontrada: page_frm_a_company
2025-12-21 19:48:18,934 - INFO - Página encontrada: page_frm_clients
2025-12-21 19:48:20,494 - INFO - Página encontrada: page_frm_currencies
2025-12-21 19:48:21,726 - INFO - Página encontrada: page_frm_actions_categories
2025-12-21 19:48:21,727 - ERROR - Página no encontrada: page_frm_action_categories
2025-12-21 19:48:22,846 - INFO - Página encontrada: page_frm_functional_units
2025-12-21 19:48:23,982 - INFO - Página encontrada: page_frm_actions
2025-12-21 19:48:25,062 - INFO - Página encontrada: page_frm_employees
2025-12-21 19:48:26,070 - INFO - Página encontrada: page_frm_device_types
2025-12-21 19:48:26,982 - INFO - Página encontrada: page_frm_it_assets
2025-12-21 19:48:28,046 - INFO - Página encontrada: page_frm_job_titles
2025-12-21 19:48:29,326 - INFO - Página encontrada: page_frm_requests
2025-12-21 19:48:30,470 - INFO - Página encontrada: page_frm_sessions
2025-12-21 19:48:32,734 - INFO - Página encontrada: page_frm_users
2025-12-21 19:48:34,510 - INFO - Página encontrada: page_frm_users
2025-12-21 19:48:36,870 - INFO - Página encontrada: page_frm_users
2025-12-21 19:53:37,053 - INFO - Base de datos ArkToolsBD.sqlite inicializada y tablas verificadas.
2025-12-21 19:53:40,898 - INFO - Página encontrada: page_frm_a_company
2025-12-21 19:53:42,953 - INFO - Página encontrada: page_frm_clients
2025-12-21 19:53:43,937 - INFO - Página encontrada: page_frm_currencies
2025-12-21 19:53:45,017 - INFO - Página encontrada: page_frm_actions_categories
2025-12-21 19:53:45,018 - ERROR - Página no encontrada: page_frm_action_categories
2025-12-21 19:53:46,033 - INFO - Página encontrada: page_frm_functional_units
2025-12-21 19:53:46,601 - INFO - Página encontrada: page_frm_actions
2025-12-21 19:53:47,297 - INFO - Página encontrada: page_frm_employees
2025-12-21 19:53:47,889 - INFO - Página encontrada: page_frm_device_types
2025-12-21 19:53:48,785 - INFO - Página encontrada: page_frm_it_assets
2025-12-21 19:53:50,169 - INFO - Página encontrada: page_frm_device_types
2025-12-21 19:53:51,777 - INFO - Página encontrada: page_frm_it_assets
2025-12-21 19:53:52,793 - INFO - Página encontrada: page_frm_job_titles
2025-12-21 19:53:54,337 - INFO - Página encontrada: page_frm_requests
2025-12-21 19:53:55,097 - INFO - Página encontrada: page_frm_sessions
2025-12-21 19:53:55,729 - INFO - Página encontrada: page_frm_users
2025-12-24 13:58:15,347 - INFO - Base de datos ArkToolsBD.sqlite inicializada y tablas verificadas.
2025-12-24 14:00:32,097 - INFO - Página encontrada: page_frm_a_company
2025-12-24 14:01:09,346 - INFO - Página encontrada: page_frm_sessions
2025-12-24 14:01:11,387 - INFO - Página encontrada: page_frm_requests
2025-12-24 14:01:17,704 - INFO - Página encontrada: page_frm_clients
2025-12-24 14:01:20,056 - INFO - Página encontrada: page_frm_currencies
2025-12-24 14:01:25,786 - INFO - Página encontrada: page_frm_functional_units
2025-12-24 14:01:27,475 - INFO - Página encontrada: page_frm_actions
2025-12-24 14:01:30,128 - INFO - Página encontrada: page_frm_employees
2025-12-24 14:01:31,336 - INFO - Página encontrada: page_frm_device_types
2025-12-24 14:01:32,896 - INFO - Página encontrada: page_frm_it_assets
2025-12-24 14:01:35,760 - INFO - Página encontrada: page_frm_job_titles
2025-12-24 14:01:38,007 - INFO - Página encontrada: page_frm_requests
2025-12-24 14:01:40,772 - INFO - Página encontrada: page_frm_sessions
2025-12-24 14:02:16,552 - INFO - Consulta a ark_company ejecutada y resultados mostrados.
2025-12-24 14:02:33,250 - INFO - Se ha solicitado cambiar la configuración regional.
2025-12-24 14:02:46,447 - INFO - Iniciando proceso de cambio de configuración regional.
2025-12-24 14:02:46,465 - INFO - Configuración regional actualizada correctamente.
2026-01-06 19:51:59,049 - INFO - Base de datos ArkToolsBD.sqlite inicializada y tablas verificadas.
2026-01-06 19:52:05,423 - INFO - Página encontrada: page_frm_a_company
2026-01-06 19:52:17,619 - INFO - Página encontrada: page_frm_clients
2026-01-06 19:52:27,572 - INFO - Página encontrada: page_frm_currencies
2026-01-06 19:53:20,116 - INFO - Página encontrada: page_frm_actions_categories
2026-01-06 19:53:20,117 - ERROR - Página no encontrada: page_frm_action_categories
2026-01-06 19:53:27,668 - INFO - Página encontrada: page_frm_functional_units
2026-01-06 19:53:34,900 - INFO - Página encontrada: page_frm_actions
2026-01-06 19:53:42,741 - INFO - Página encontrada: page_frm_actions
2026-01-06 19:53:48,412 - INFO - Página encontrada: page_frm_device_types
2026-01-06 19:53:56,037 - INFO - Página encontrada: page_frm_employees
2026-01-06 19:54:05,189 - INFO - Página encontrada: page_frm_device_types
2026-01-06 19:54:11,325 - INFO - Página encontrada: page_frm_device_types
2026-01-06 19:54:23,165 - INFO - Página encontrada: page_frm_it_assets
2026-01-06 19:54:33,989 - INFO - Página encontrada: page_frm_job_titles
2026-01-06 19:54:47,029 - INFO - Página encontrada: page_frm_requests
2026-01-06 19:54:52,989 - INFO - Página encontrada: page_frm_requests
2026-01-06 19:54:58,677 - INFO - Página encontrada: page_frm_sessions
2026-01-06 19:55:14,845 - INFO - Página encontrada: page_frm_sessions
2026-01-06 19:55:20,094 - INFO - Página encontrada: page_frm_users
2026-01-06 22:02:54,682 - INFO - Base de datos ArkToolsBD.sqlite inicializada y tablas verificadas.
2026-01-06 22:29:11,430 - INFO - Base de datos ArkToolsBD.sqlite inicializada y tablas verificadas.
2026-01-06 22:29:18,314 - INFO - Página encontrada: page_frm_clients
2026-01-06 22:34:06,116 - INFO - Cliente guardado exitosamente: B002
2026-01-06 22:34:08,948 - INFO - Formulario de clientes limpiado.
2026-01-06 22:34:14,698 - INFO - Formulario de clientes limpiado.
2026-01-06 22:34:14,700 - INFO - Acción cancelar confirmada: Formulario limpiado y deshabilitado.
2026-01-06 22:39:28,836 - INFO - Cliente guardado exitosamente: J310994692
2026-01-06 22:39:31,238 - INFO - Formulario de clientes limpiado.
2026-01-06 22:39:37,605 - INFO - Formulario de clientes limpiado.
2026-01-06 22:39:37,607 - INFO - Acción cancelar confirmada: Formulario limpiado y deshabilitado.
2026-01-06 22:58:55,815 - INFO - Base de datos ArkToolsBD.sqlite inicializada y tablas verificadas.
2026-01-06 22:59:01,550 - INFO - Página encontrada: page_frm_clients
2026-01-06 23:02:17,733 - INFO - Cliente guardado exitosamente: J310994693
2026-01-06 23:02:20,780 - INFO - Formulario de clientes limpiado.
2026-01-06 23:02:42,772 - INFO - Formulario de clientes limpiado.
2026-01-06 23:02:42,775 - INFO - Acción cancelar confirmada: Formulario limpiado y deshabilitado.
2026-01-07 19:14:24,269 - INFO - Base de datos ArkToolsBD.sqlite inicializada y tablas verificadas.
2026-01-07 19:14:34,329 - INFO - Página encontrada: page_frm_actions_categories
2026-01-07 19:14:34,330 - ERROR - Página no encontrada: page_frm_action_categories
2026-01-07 19:15:56,254 - INFO - Categoría guardada exitosamente: 010201
2026-01-07 19:15:59,675 - INFO - Formulario de categorías  limpiado.
2026-01-07 19:16:06,847 - INFO - Formulario de categorías  limpiado.
2026-01-07 19:21:34,798 - INFO - Categoría guardada exitosamente: 010101
2026-01-07 19:21:36,649 - INFO - Formulario de categorías  limpiado.
2026-01-07 19:21:39,993 - INFO - Formulario de categorías  limpiado.
2026-01-07 19:22:31,753 - INFO - Formulario de categorías  limpiado.
2026-01-07 23:45:39,247 - INFO - Base de datos ArkToolsBD.sqlite inicializada y tablas verificadas.
2026-01-07 23:45:44,483 - INFO - Página encontrada: page_frm_actions_categories
2026-01-07 23:45:44,484 - ERROR - Página no encontrada: page_frm_action_categories
2026-01-07 23:45:47,531 - INFO - Página encontrada: page_frm_actions
2026-01-08 19:54:52,210 - INFO - Base de datos ArkToolsBD.sqlite inicializada y tablas verificadas.
2026-01-08 19:54:58,702 - INFO - Página encontrada: page_frm_actions_categories
2026-01-08 19:54:58,703 - ERROR - Página no encontrada: page_frm_action_categories
2026-01-08 19:55:03,029 - INFO - Página encontrada: page_frm_actions
2026-01-08 19:56:00,540 - INFO - Base de datos ArkToolsBD.sqlite inicializada y tablas verificadas.
2026-01-08 19:56:09,014 - INFO - Página encontrada: page_frm_actions
2026-01-08 19:59:05,285 - INFO - Base de datos ArkToolsBD.sqlite inicializada y tablas verificadas.
2026-01-08 19:59:13,096 - INFO - Página encontrada: page_frm_actions
2026-01-08 20:03:45,250 - INFO - Base de datos ArkToolsBD.sqlite inicializada y tablas verificadas.
2026-01-08 20:03:50,817 - INFO - Página encontrada: page_frm_actions
2026-01-08 20:05:05,623 - INFO - Base de datos ArkToolsBD.sqlite inicializada y tablas verificadas.
2026-01-08 20:05:09,601 - INFO - Página encontrada: page_frm_actions
2026-01-08 20:09:07,332 - INFO - Base de datos ArkToolsBD.sqlite inicializada y tablas verificadas.
2026-01-08 20:09:12,923 - INFO - Página encontrada: page_frm_actions
2026-01-08 20:09:37,298 - INFO - Categoría seleccionada: Instalación (ID: 2)
2026-01-08 20:21:44,914 - INFO - Base de datos ArkToolsBD.sqlite inicializada y tablas verificadas.
2026-01-08 20:21:51,680 - INFO - Página encontrada: page_frm_actions
2026-01-08 20:29:54,800 - INFO - Base de datos ArkToolsBD.sqlite inicializada y tablas verificadas.
2026-01-08 20:30:01,019 - INFO - Página encontrada: page_frm_actions
2026-01-08 20:30:29,894 - INFO - Base de datos ArkToolsBD.sqlite inicializada y tablas verificadas.
2026-01-08 20:30:34,667 - INFO - Página encontrada: page_frm_actions
2026-01-08 20:33:15,537 - INFO - Base de datos ArkToolsBD.sqlite inicializada y tablas verificadas.
2026-01-08 20:33:20,404 - INFO - Página encontrada: page_frm_actions
2026-01-08 20:36:20,378 - INFO - Categoría vinculada: Instalación (ID: 2)
2026-01-08 20:52:20,991 - INFO - Base de datos ArkToolsBD.sqlite inicializada y tablas verificadas.
2026-01-08 20:52:26,115 - INFO - Página encontrada: page_frm_actions
2026-01-08 20:56:39,570 - INFO - Base de datos ArkToolsBD.sqlite inicializada y tablas verificadas.
2026-01-08 20:56:45,276 - INFO - Página encontrada: page_frm_actions
2026-01-08 20:56:50,276 - INFO - Página encontrada: page_frm_actions
2026-01-08 20:56:54,561 - INFO - Categoría vinculada: CAT002 - Instalación (ID: 2)
2026-01-08 22:05:15,814 - INFO - Base de datos ArkToolsBD.sqlite inicializada y tablas verificadas.
2026-01-08 22:05:22,842 - INFO - Página encontrada: page_frm_actions
2026-01-08 22:06:23,236 - INFO - Categoría vinculada: 010101 - DIAGNOSTICO DE EQUIPOS (ID: 4)
2026-01-08 22:08:28,980 - INFO - Base de datos ArkToolsBD.sqlite inicializada y tablas verificadas.
2026-01-08 22:08:40,831 - INFO - Página encontrada: page_frm_actions
2026-01-08 22:09:23,317 - INFO - Categoría vinculada: 010101 - DIAGNOSTICO DE EQUIPOS (ID: 4)
2026-01-08 22:12:18,529 - INFO - Base de datos ArkToolsBD.sqlite inicializada y tablas verificadas.
2026-01-08 22:13:00,961 - INFO - Página encontrada: page_frm_actions
2026-01-08 22:13:28,183 - INFO - Categoría vinculada: 010101 - DIAGNOSTICO DE EQUIPOS (ID: 4)
2026-01-08 22:15:49,190 - INFO - Formulario de categorías  limpiado.
2026-01-08 22:16:08,877 - INFO - Base de datos ArkToolsBD.sqlite inicializada y tablas verificadas.
2026-01-08 22:16:17,746 - INFO - Página encontrada: page_frm_actions
2026-01-08 22:16:36,799 - INFO - Categoría vinculada: 010101 - DIAGNOSTICO DE EQUIPOS (ID: 4)
2026-01-08 22:17:02,128 - INFO - Acción guardada exitosamente: ACC0001
2026-01-08 22:17:05,511 - INFO - Formulario de acciones limpiado.
2026-01-08 22:17:13,135 - INFO - Formulario de categorías  limpiado.
2026-01-08 22:25:08,942 - INFO - Base de datos ArkToolsBD.sqlite inicializada y tablas verificadas.
2026-01-08 22:25:15,637 - INFO - Página encontrada: page_frm_actions
2026-01-08 22:25:59,852 - INFO - Categoría vinculada: 010101 - DIAGNOSTICO DE EQUIPOS (ID: 4)
2026-01-08 22:26:17,394 - INFO - Acción guardada exitosamente: ACC0002
2026-01-08 22:26:20,394 - INFO - Formulario de acciones limpiado.
2026-01-08 22:26:31,394 - INFO - Formulario de categorías  limpiado.
2026-01-08 22:27:02,941 - INFO - Página encontrada: page_frm_employees
2026-01-08 23:02:15,034 - INFO - Base de datos ArkToolsBD.sqlite inicializada y tablas verificadas.
2026-01-08 23:02:20,801 - INFO - Página encontrada: page_frm_actions
2026-01-08 23:05:00,593 - INFO - Base de datos ArkToolsBD.sqlite inicializada y tablas verificadas.
2026-01-08 23:05:05,714 - INFO - Página encontrada: page_frm_actions
2026-01-08 23:05:32,351 - INFO - Buscador: Seleccionado ID 4
2026-01-08 23:06:02,550 - INFO - Acción guardada exitosamente: ACC00003
2026-01-08 23:06:04,751 - INFO - Formulario de acciones limpiado.
2026-01-08 23:06:30,910 - INFO - Formulario de categorías  limpiado.
2026-01-08 23:14:13,876 - INFO - Base de datos ArkToolsBD.sqlite inicializada y tablas verificadas.
2026-01-08 23:14:26,052 - INFO - Base de datos ArkToolsBD.sqlite inicializada y tablas verificadas.
2026-01-08 23:14:36,709 - INFO - Página encontrada: page_frm_actions
2026-01-08 23:15:11,251 - INFO - Buscador: Seleccionado ID 4
2026-01-08 23:15:30,203 - INFO - Acción guardada exitosamente: ACC0004
2026-01-08 23:15:32,075 - INFO - Formulario de acciones limpiado.
2026-01-08 23:15:36,769 - INFO - Formulario de categorías  limpiado.
2026-01-09 11:27:58,472 - INFO - Base de datos ArkToolsBD.sqlite inicializada y tablas verificadas.
2026-01-09 11:28:21,139 - INFO - Página encontrada: page_frm_actions
2026-01-09 13:52:51,581 - INFO - Base de datos ArkToolsBD.sqlite inicializada y tablas verificadas.
2026-01-09 13:52:57,620 - INFO - Página encontrada: page_frm_actions
2026-01-09 13:54:02,938 - INFO - Buscador: Seleccionado ID 4
2026-01-09 13:57:14,871 - INFO - Acción guardada exitosamente: CSS0005
2026-01-09 13:57:17,019 - INFO - Formulario de acciones limpiado.
2026-01-09 15:10:54,432 - INFO - Base de datos ArkToolsBD.sqlite inicializada y tablas verificadas.
2026-01-09 15:10:58,811 - INFO - Página encontrada: page_frm_actions
2026-01-09 15:11:51,257 - INFO - Buscador: Seleccionado ID 4
2026-01-09 16:04:33,862 - INFO - Base de datos ArkToolsBD.sqlite inicializada y tablas verificadas.
2026-01-09 16:04:41,245 - INFO - Página encontrada: page_frm_actions
2026-01-09 16:04:55,261 - INFO - Página encontrada: page_frm_functional_units
2026-01-09 16:04:56,741 - INFO - Página encontrada: page_frm_actions_categories
2026-01-09 16:04:56,741 - ERROR - Página no encontrada: page_frm_action_categories
2026-01-09 16:04:58,204 - INFO - Página encontrada: page_frm_currencies
2026-01-09 16:04:59,269 - INFO - Página encontrada: page_frm_a_company
2026-01-09 16:10:21,723 - INFO - Base de datos ArkToolsBD.sqlite inicializada y tablas verificadas.
2026-01-09 16:10:29,464 - INFO - Página encontrada: page_frm_a_company
2026-01-09 22:55:24,228 - INFO - Base de datos ArkToolsBD.sqlite inicializada y tablas verificadas.
2026-01-09 22:56:05,220 - INFO - Se ha solicitado cambiar la configuración regional.
2026-01-09 22:56:08,376 - INFO - Iniciando proceso de cambio de configuración regional.
2026-01-09 22:56:08,377 - INFO - Configuración regional actualizada correctamente.
2026-01-09 22:56:18,638 - INFO - Consulta a ark_company ejecutada y resultados mostrados.
2026-01-09 23:08:45,601 - INFO - Base de datos ArkToolsBD.sqlite inicializada y tablas verificadas.
2026-01-09 23:09:20,462 - INFO - Base de datos ArkToolsBD.sqlite inicializada y tablas verificadas.
2026-01-09 23:53:22,830 - INFO - Base de datos ArkToolsBD.sqlite inicializada y tablas verificadas.
2026-01-09 23:59:27,485 - INFO - Base de datos ArkToolsBD.sqlite inicializada y tablas verificadas.
2026-01-09 23:59:27,535 - INFO - Barra de estado actualizada correctamente.
2026-01-10 00:08:52,896 - INFO - Base de datos ArkToolsBD.sqlite inicializada y tablas verificadas.
2026-01-10 00:08:52,925 - INFO - Barra de estado actualizada correctamente.
2026-01-10 00:08:58,519 - INFO - Página encontrada: page_frm_clients
2026-01-10 00:09:00,714 - INFO - Formulario de clientes habilitado.
2026-01-10 00:12:34,940 - INFO - Cliente guardado exitosamente: J197903054
2026-01-10 00:12:38,449 - INFO - Formulario de clientes limpiado.
2026-01-10 00:12:44,025 - INFO - Formulario de clientes limpiado.
2026-01-10 00:12:44,066 - INFO - Acción cancelar confirmada: Formulario limpiado y deshabilitado.
2026-01-10 01:52:03,948 - INFO - Base de datos ArkToolsBD.sqlite inicializada y tablas verificadas.
2026-01-10 01:52:03,996 - INFO - Barra de estado actualizada correctamente.
2026-01-10 01:52:13,087 - INFO - Página encontrada: page_frm_clients
2026-01-10 01:53:04,023 - INFO - Formulario de clientes habilitado.
2026-01-10 01:55:09,590 - INFO - Cliente guardado exitosamente: J412935062
2026-01-10 01:55:11,981 - INFO - Formulario de clientes limpiado.
2026-01-10 01:55:23,381 - INFO - Formulario de clientes limpiado.
2026-01-10 01:55:23,384 - INFO - Acción cancelar confirmada: Formulario limpiado y deshabilitado.
2026-01-14 22:52:35,058 - INFO - Base de datos ArkToolsBD.sqlite inicializada y tablas verificadas.
2026-01-14 22:52:35,240 - INFO - Barra de estado actualizada correctamente.
2026-01-14 22:52:43,115 - INFO - Página encontrada: page_frm_a_company
2026-01-14 22:52:48,608 - INFO - Página encontrada: page_frm_clients
2026-01-14 22:52:50,144 - INFO - Página encontrada: page_frm_currencies
2026-01-14 23:24:55,816 - INFO - Base de datos ArkToolsBD.sqlite inicializada y tablas verificadas.
2026-01-14 23:24:55,852 - INFO - Barra de estado actualizada correctamente.
2026-01-14 23:25:04,053 - INFO - Página encontrada: page_frm_currencies
2026-01-14 23:33:34,306 - INFO - Base de datos ArkToolsBD.sqlite inicializada y tablas verificadas.
2026-01-14 23:33:34,339 - INFO - Barra de estado actualizada correctamente.
2026-01-14 23:33:40,618 - INFO - Página encontrada: page_frm_currencies
2026-01-14 23:42:09,661 - INFO - Base de datos ArkToolsBD.sqlite inicializada y tablas verificadas.
2026-01-14 23:42:09,707 - INFO - Barra de estado actualizada correctamente.
2026-01-14 23:42:17,775 - INFO - Página encontrada: page_frm_currencies
2026-01-14 23:45:54,739 - INFO - Base de datos ArkToolsBD.sqlite inicializada y tablas verificadas.
2026-01-14 23:45:54,771 - INFO - Barra de estado actualizada correctamente.
2026-01-14 23:46:01,665 - INFO - Página encontrada: page_frm_currencies
2026-01-15 00:36:47,415 - INFO - Base de datos ArkToolsBD.sqlite inicializada y tablas verificadas.
2026-01-15 00:36:47,446 - INFO - Barra de estado actualizada correctamente.
2026-01-15 00:36:53,632 - INFO - Página encontrada: page_frm_currencies
2026-01-15 00:38:59,766 - INFO - Base de datos ArkToolsBD.sqlite inicializada y tablas verificadas.
2026-01-15 00:38:59,793 - INFO - Barra de estado actualizada correctamente.
2026-01-15 00:39:04,809 - INFO - Página encontrada: page_frm_currencies
2026-01-23 14:53:56,753 - INFO - Base de datos ArkToolsBD.sqlite inicializada y tablas verificadas.
2026-01-23 14:53:56,883 - INFO - Barra de estado actualizada correctamente.
2026-01-23 14:54:03,767 - INFO - Página encontrada: page_frm_a_company
2026-01-23 14:54:05,382 - INFO - Página encontrada: page_frm_clients
2026-01-23 14:54:06,559 - INFO - Página encontrada: page_frm_currencies
2026-01-23 14:54:08,238 - INFO - Página encontrada: page_frm_actions_categories
2026-01-23 14:54:08,239 - ERROR - Página no encontrada: page_frm_action_categories
2026-01-23 14:54:09,654 - INFO - Página encontrada: page_frm_functional_units
2026-01-23 14:54:11,742 - INFO - Página encontrada: page_frm_actions
2026-01-23 14:54:12,910 - INFO - Página encontrada: page_frm_employees
2026-01-23 14:54:13,607 - INFO - Página encontrada: page_frm_actions
2026-01-23 14:54:14,350 - INFO - Página encontrada: page_frm_device_types
2026-01-23 14:54:15,302 - INFO - Página encontrada: page_frm_it_assets
2026-01-23 14:54:15,910 - INFO - Página encontrada: page_frm_job_titles
2026-01-23 14:54:16,534 - INFO - Página encontrada: page_frm_requests
2026-01-23 14:54:17,326 - INFO - Página encontrada: page_frm_sessions
2026-01-23 14:54:18,047 - INFO - Página encontrada: page_frm_users
2026-01-23 14:54:22,219 - INFO - Consulta a ark_company ejecutada y resultados mostrados.
2026-01-23 14:54:24,318 - INFO - Se ha solicitado cambiar la configuración regional.
2026-01-23 14:54:26,019 - INFO - Iniciando proceso de cambio de configuración regional.
2026-01-23 14:54:26,020 - INFO - Configuración regional actualizada correctamente.
2026-01-23 15:00:38,482 - INFO - Página encontrada: page_frm_functional_units
2026-01-23 16:57:08,583 - INFO - Base de datos ArkToolsBD.sqlite inicializada y tablas verificadas.
2026-01-23 16:57:08,714 - INFO - Barra de estado actualizada correctamente.
2026-01-23 16:57:17,198 - INFO - Página encontrada: page_frm_currencies
2026-01-23 16:57:19,742 - INFO - Formulario de monedas habilitado.
2026-01-23 16:58:13,310 - INFO - Moneda guardada exitosamente: 01001
2026-01-23 16:58:16,466 - INFO - Formulario de monedas limpiado.
2026-01-23 16:58:24,571 - INFO - Formulario de monedas limpiado.
2026-01-23 16:58:24,573 - INFO - Acción cancelar confirmada: Formulario limpiado y deshabilitado.
2026-01-23 16:58:49,422 - INFO - Página encontrada: page_frm_functional_units
2026-01-23 16:58:51,351 - INFO - Formulario de unidades funcionales habilitado.
2026-01-23 16:59:44,852 - INFO - Formulario de unidades limpiado.
2026-01-23 16:59:44,854 - INFO - Acción cancelar confirmada: Formulario limpiado y deshabilitado.
2026-01-23 17:03:04,068 - INFO - Base de datos ArkToolsBD.sqlite inicializada y tablas verificadas.
2026-01-23 17:03:04,097 - INFO - Barra de estado actualizada correctamente.
2026-01-23 17:03:10,634 - INFO - Página encontrada: page_frm_functional_units
2026-01-23 17:03:12,506 - INFO - Formulario de unidades funcionales habilitado.
2026-01-23 17:05:32,634 - INFO - Base de datos ArkToolsBD.sqlite inicializada y tablas verificadas.
2026-01-23 17:05:32,662 - INFO - Barra de estado actualizada correctamente.
2026-01-23 17:05:41,051 - INFO - Página encontrada: page_frm_functional_units
2026-01-23 17:05:43,092 - INFO - Formulario de unidades funcionales habilitado.
2026-01-23 17:07:49,676 - INFO - Base de datos ArkToolsBD.sqlite inicializada y tablas verificadas.
2026-01-23 17:07:49,704 - INFO - Barra de estado actualizada correctamente.
2026-01-23 17:07:55,973 - INFO - Página encontrada: page_frm_functional_units
2026-01-23 17:07:57,821 - INFO - Formulario de unidades funcionales habilitado.
2026-01-23 17:09:51,459 - INFO - Base de datos ArkToolsBD.sqlite inicializada y tablas verificadas.
2026-01-23 17:09:51,487 - INFO - Barra de estado actualizada correctamente.
2026-01-23 17:10:02,142 - INFO - Página encontrada: page_frm_functional_units
2026-01-23 17:10:03,886 - INFO - Formulario de unidades funcionales habilitado.
2026-01-23 17:10:37,046 - INFO - Unidad guardada exitosamente: 01001
2026-01-23 17:10:39,059 - ERROR - Error crítico en guardar_currencies: 'MiApp' object has no attribute 'limpiar_formulario_functional_units'
2026-01-23 17:14:38,203 - INFO - Base de datos ArkToolsBD.sqlite inicializada y tablas verificadas.
2026-01-23 17:14:38,231 - INFO - Barra de estado actualizada correctamente.
2026-01-23 17:14:43,841 - INFO - Página encontrada: page_frm_functional_units
2026-01-23 17:14:45,802 - INFO - Formulario de unidades funcionales habilitado.
2026-01-23 17:15:27,332 - INFO - Unidad guardada exitosamente: 0101
2026-01-23 17:15:29,542 - INFO - Formulario de unidades limpiado.
2026-01-23 17:24:20,002 - INFO - Base de datos ArkToolsBD.sqlite inicializada y tablas verificadas.
2026-01-23 17:24:20,033 - INFO - Barra de estado actualizada correctamente.
2026-01-23 17:24:25,975 - INFO - Página encontrada: page_frm_functional_units
2026-01-23 17:24:27,368 - INFO - Formulario de unidades funcionales habilitado.
2026-01-23 17:27:45,478 - INFO - Base de datos ArkToolsBD.sqlite inicializada y tablas verificadas.
2026-01-23 17:27:45,509 - INFO - Barra de estado actualizada correctamente.
2026-01-23 17:27:53,258 - INFO - Página encontrada: page_frm_functional_units
2026-01-23 17:27:54,746 - INFO - Formulario de unidades funcionales habilitado.
2026-01-23 17:29:09,071 - INFO - Formulario de unidades limpiado.
2026-01-23 17:29:09,073 - INFO - Acción cancelar confirmada: Formulario limpiado y deshabilitado.
2026-01-23 17:29:59,002 - INFO - Base de datos ArkToolsBD.sqlite inicializada y tablas verificadas.
2026-01-23 17:29:59,029 - INFO - Barra de estado actualizada correctamente.
2026-01-23 17:30:04,003 - INFO - Página encontrada: page_frm_functional_units
2026-01-23 17:30:05,763 - INFO - Formulario de unidades funcionales habilitado.
2026-01-23 17:30:21,845 - INFO - Unidad guardada exitosamente: 01001
2026-01-23 17:30:26,353 - INFO - Formulario de unidades limpiado.
2026-01-23 17:30:36,520 - INFO - Formulario de unidades limpiado.
2026-01-23 17:30:36,522 - INFO - Acción cancelar confirmada: Formulario limpiado y deshabilitado.
2026-01-23 17:38:06,812 - INFO - Base de datos ArkToolsBD.sqlite inicializada y tablas verificadas.
2026-01-23 17:38:06,842 - INFO - Barra de estado actualizada correctamente.
2026-01-23 17:38:13,761 - INFO - Página encontrada: page_frm_functional_units
2026-01-23 17:38:15,569 - INFO - Formulario de unidades funcionales habilitado.
2026-01-23 17:39:18,618 - INFO - Unidad guardada exitosamente: 0102
2026-01-23 17:39:21,550 - INFO - Formulario de unidades limpiado.
2026-01-23 17:39:31,974 - INFO - Formulario de unidades limpiado.
2026-01-23 17:39:31,976 - INFO - Acción cancelar confirmada: Formulario limpiado y deshabilitado.
2026-01-23 17:41:30,662 - INFO - Formulario de unidades limpiado.
2026-01-23 17:41:30,662 - INFO - Acción cancelar confirmada: Formulario limpiado y deshabilitado.
2026-01-23 17:41:35,538 - INFO - Página encontrada: page_frm_clients
2026-01-23 17:41:37,635 - INFO - Formulario de clientes habilitado.
2026-01-23 17:46:24,667 - INFO - Formulario de clientes limpiado.
2026-01-23 17:46:24,669 - INFO - Acción cancelar confirmada: Formulario limpiado y deshabilitado.
2026-01-23 17:46:27,466 - INFO - Formulario de clientes limpiado.
2026-01-23 17:46:27,467 - INFO - Acción cancelar confirmada: Formulario limpiado y deshabilitado.
2026-01-23 17:55:21,282 - INFO - Base de datos ArkToolsBD.sqlite inicializada y tablas verificadas.
2026-01-23 17:55:21,310 - INFO - Barra de estado actualizada correctamente.
2026-01-23 17:55:30,684 - INFO - Página encontrada: page_frm_clients
2026-01-23 17:55:32,324 - INFO - Formulario de clientes habilitado.
2026-01-23 17:57:23,060 - INFO - Cliente guardado exitosamente: J001664815
2026-01-23 17:57:26,394 - INFO - Formulario de clientes limpiado.
2026-01-23 17:57:30,106 - INFO - Formulario de clientes limpiado.
2026-01-23 17:57:30,108 - INFO - Acción cancelar confirmada: Formulario limpiado y deshabilitado.
2026-01-23 18:08:44,076 - INFO - Página encontrada: page_frm_actions_categories
2026-01-23 18:08:44,077 - ERROR - Página no encontrada: page_frm_action_categories
2026-01-23 18:09:19,154 - INFO - Categoría guardada exitosamente: 010102
2026-01-23 18:09:20,762 - INFO - Formulario de categorías  limpiado.
2026-01-23 18:09:23,434 - INFO - Formulario de categorías  limpiado.
2026-01-23 18:10:11,607 - INFO - Base de datos ArkToolsBD.sqlite inicializada y tablas verificadas.
2026-01-23 18:10:11,638 - INFO - Barra de estado actualizada correctamente.
2026-01-23 18:10:17,094 - INFO - Página encontrada: page_frm_actions_categories
2026-01-23 18:10:17,095 - ERROR - Página no encontrada: page_frm_action_categories
2026-01-23 18:12:39,200 - INFO - Categoría guardada exitosamente: 010202
2026-01-23 18:12:40,956 - INFO - Formulario de categorías  limpiado.
2026-01-23 18:13:52,300 - INFO - Formulario de categorías  limpiado.
2026-01-23 18:14:00,895 - INFO - Página encontrada: page_frm_currencies
2026-01-23 18:14:24,004 - INFO - Formulario de monedas limpiado.
2026-01-23 18:14:24,004 - INFO - Acción cancelar confirmada: Formulario limpiado y deshabilitado.
2026-01-23 18:24:39,084 - INFO - Base de datos ArkToolsBD.sqlite inicializada y tablas verificadas.
2026-01-23 18:24:39,116 - INFO - Barra de estado actualizada correctamente.
2026-01-23 18:24:46,191 - INFO - Página encontrada: page_frm_currencies
2026-01-23 18:24:47,823 - INFO - Formulario de monedas habilitado.
2026-01-23 18:27:08,047 - INFO - Moneda guardada exitosamente: 01002
2026-01-23 18:27:09,798 - INFO - Formulario de monedas limpiado.
2026-01-23 18:27:13,029 - INFO - Formulario de monedas limpiado.
2026-01-23 18:27:13,033 - INFO - Acción cancelar confirmada: Formulario limpiado y deshabilitado.
2026-01-23 18:31:29,863 - INFO - Base de datos ArkToolsBD.sqlite inicializada y tablas verificadas.
2026-01-23 18:31:29,896 - INFO - Barra de estado actualizada correctamente.
2026-01-23 18:31:36,620 - INFO - Página encontrada: page_frm_currencies
2026-01-23 18:31:37,988 - INFO - Formulario de monedas habilitado.
2026-01-23 18:34:40,232 - INFO - Base de datos ArkToolsBD.sqlite inicializada y tablas verificadas.
2026-01-23 18:34:40,259 - INFO - Barra de estado actualizada correctamente.
2026-01-23 18:34:45,750 - INFO - Página encontrada: page_frm_currencies
2026-01-23 18:34:47,758 - INFO - Formulario de monedas habilitado.
2026-01-23 18:35:26,500 - INFO - Moneda guardada exitosamente: 01003
2026-01-23 18:35:28,235 - INFO - Formulario de monedas limpiado.
2026-01-23 18:35:31,250 - INFO - Formulario de monedas limpiado.
2026-01-23 18:35:31,253 - INFO - Acción cancelar confirmada: Formulario limpiado y deshabilitado.
2026-01-23 18:36:03,357 - INFO - Página encontrada: page_frm_actions_categories
2026-01-23 18:36:03,358 - ERROR - Página no encontrada: page_frm_action_categories
2026-01-23 18:37:50,391 - INFO - Página encontrada: page_frm_a_company
2026-01-23 18:40:00,458 - INFO - Empresa guardada exitosamente: J310994692
2026-01-23 18:40:02,357 - INFO - Formulario de clientes limpiado.
2026-01-23 18:40:05,910 - INFO - Formulario de empresa limpiado.
2026-01-23 18:41:16,481 - INFO - Página encontrada: page_frm_actions
2026-01-23 18:43:07,148 - INFO - Buscador: Seleccionado ID 6
2026-01-23 18:46:36,564 - INFO - Base de datos ArkToolsBD.sqlite inicializada y tablas verificadas.
2026-01-23 18:46:36,594 - INFO - Barra de estado actualizada correctamente.
2026-01-23 18:46:42,613 - INFO - Página encontrada: page_frm_actions
2026-01-23 18:47:10,835 - INFO - Buscador: Seleccionado ID 6
2026-01-23 18:47:48,607 - INFO - Acción guardada exitosamente: ACC0005
2026-01-23 18:47:50,644 - INFO - Formulario de acciones limpiado.
2026-01-23 18:47:54,194 - INFO - Formulario de categorías  limpiado.
2026-01-23 19:57:47,076 - INFO - Base de datos ArkToolsBD.sqlite inicializada y tablas verificadas.
2026-01-23 19:57:47,108 - INFO - Barra de estado actualizada correctamente.
2026-01-23 19:57:53,131 - INFO - Página encontrada: page_frm_employees
2026-01-23 20:02:13,903 - INFO - Base de datos ArkToolsBD.sqlite inicializada y tablas verificadas.
2026-01-23 20:02:13,931 - INFO - Barra de estado actualizada correctamente.
2026-01-23 20:02:24,070 - INFO - Página encontrada: page_frm_employees
2026-01-23 20:02:28,996 - INFO - Buscador: Seleccionado ID 9
2026-01-25 14:58:23,992 - INFO - Base de datos ArkToolsBD.sqlite inicializada y tablas verificadas.
2026-01-25 14:58:24,131 - INFO - Barra de estado actualizada correctamente.
2026-01-25 15:03:53,506 - INFO - Base de datos ArkToolsBD.sqlite inicializada y tablas verificadas.
2026-01-25 15:03:53,539 - INFO - Barra de estado actualizada correctamente.
2026-01-25 15:04:00,158 - INFO - Página encontrada: page_frm_a_company
2026-01-25 15:06:45,036 - INFO - Empresa guardada exitosamente: 001002
2026-01-25 15:06:47,485 - ERROR - Error crítico en guardar_company: 'Ui_MainWindow' object has no attribute 'lineEdit_clt_description'
2026-01-25 15:07:11,004 - INFO - Formulario de empresa limpiado.
2026-01-27 20:24:34,659 - INFO - Base de datos ArkToolsBD.sqlite inicializada y tablas verificadas.
2026-02-10 21:56:53,338 - INFO - Base de datos ArkToolsBD.sqlite inicializada y tablas verificadas.
2026-02-10 21:58:13,007 - INFO - Base de datos ArkToolsBD.sqlite inicializada y tablas verificadas.
2026-02-10 22:01:29,385 - INFO - Base de datos ArkToolsBD.sqlite inicializada y tablas verificadas.
2026-02-10 22:01:29,417 - INFO - Barra de estado actualizada correctamente.
2026-02-10 22:21:07,039 - INFO - Base de datos ArkToolsBD.sqlite inicializada y tablas verificadas.
2026-02-10 22:21:07,073 - INFO - Barra de estado actualizada correctamente.
2026-02-13 21:26:26,617 - INFO - Base de datos ArkToolsBD.sqlite inicializada y tablas verificadas.
2026-02-13 21:26:26,670 - INFO - Barra de estado actualizada correctamente.
2026-02-13 22:06:21,985 - INFO - Base de datos ArkToolsBD.sqlite inicializada y tablas verificadas.
2026-02-13 22:06:22,016 - INFO - Barra de estado actualizada correctamente.
2026-02-13 22:06:59,407 - INFO - Base de datos ArkToolsBD.sqlite inicializada y tablas verificadas.
2026-02-13 22:06:59,431 - INFO - Barra de estado actualizada correctamente.
2026-02-13 22:07:06,858 - INFO - Página encontrada: page_frm_functional_units
2026-03-03 21:40:35,197 - INFO - Base de datos ArkToolsBD.sqlite inicializada y tablas verificadas.
2026-03-03 21:40:35,278 - INFO - Barra de estado actualizada correctamente.
2026-03-03 21:40:47,042 - INFO - Página encontrada: page_frm_a_company
2026-03-03 21:40:48,497 - INFO - Página encontrada: page_frm_clients
2026-03-03 21:40:49,465 - INFO - Página encontrada: page_frm_currencies
2026-03-03 21:40:50,457 - INFO - Página encontrada: page_frm_actions_categories
2026-03-03 21:40:50,458 - ERROR - Página no encontrada: page_frm_action_categories
2026-03-03 21:40:51,265 - INFO - Página encontrada: page_frm_functional_units
2026-03-03 21:40:52,057 - INFO - Página encontrada: page_frm_actions
2026-03-03 21:40:52,889 - INFO - Página encontrada: page_frm_employees
2026-03-03 21:40:53,833 - INFO - Página encontrada: page_frm_device_types
2026-03-03 21:40:54,617 - INFO - Página encontrada: page_frm_it_assets
2026-03-03 21:40:55,417 - INFO - Página encontrada: page_frm_job_titles
2026-03-03 21:40:56,425 - INFO - Página encontrada: page_frm_requests
2026-03-03 21:40:57,233 - INFO - Página encontrada: page_frm_sessions
2026-03-03 21:40:58,041 - INFO - Página encontrada: page_frm_users
2026-03-03 21:42:57,588 - INFO - Consulta a ark_company ejecutada y resultados mostrados.
2026-03-03 21:43:16,059 - INFO - Página encontrada: page_frm_functional_units
2026-03-03 21:43:17,730 - INFO - Página encontrada: page_frm_actions
2026-03-03 21:43:19,402 - INFO - Página encontrada: page_frm_employees
2026-03-03 21:43:24,082 - INFO - Página encontrada: page_frm_device_types
2026-03-03 21:43:25,354 - INFO - Página encontrada: page_frm_it_assets
2026-03-03 21:43:36,568 - INFO - Buscador: Seleccionado ID 4
2026-03-03 21:43:49,851 - INFO - Página encontrada: page_frm_job_titles
2026-03-03 21:44:02,802 - INFO - Página encontrada: page_frm_requests
2026-03-03 21:44:05,530 - INFO - Página encontrada: page_frm_sessions
2026-03-03 21:44:18,785 - INFO - Buscador: Seleccionado ID 4
2026-03-03 21:44:25,248 - INFO - Buscador: Seleccionado ID 5
2026-03-03 21:44:31,672 - INFO - Buscador: Seleccionado ID 6
2026-03-03 21:46:13,460 - INFO - Página encontrada: page_frm_a_company
2026-03-03 21:46:16,540 - INFO - Página encontrada: page_frm_clients
2026-03-03 21:46:17,772 - INFO - Página encontrada: page_frm_currencies
2026-03-03 21:46:19,108 - INFO - Página encontrada: page_frm_actions_categories
2026-03-03 21:46:19,108 - ERROR - Página no encontrada: page_frm_action_categories
2026-03-03 21:46:20,012 - INFO - Página encontrada: page_frm_functional_units
2026-03-03 21:46:20,756 - INFO - Página encontrada: page_frm_actions
2026-03-03 21:46:21,516 - INFO - Página encontrada: page_frm_employees
2026-03-03 21:46:22,236 - INFO - Página encontrada: page_frm_device_types
2026-03-03 21:46:22,932 - INFO - Página encontrada: page_frm_it_assets
2026-03-03 21:46:24,020 - INFO - Página encontrada: page_frm_job_titles
2026-03-03 21:46:24,692 - INFO - Página encontrada: page_frm_requests
2026-03-03 21:46:25,308 - INFO - Página encontrada: page_frm_sessions
2026-03-03 22:16:11,831 - INFO - Base de datos ArkToolsBD.sqlite inicializada y tablas verificadas.
2026-03-03 22:16:11,906 - INFO - Barra de estado actualizada correctamente.
2026-03-03 22:16:20,779 - INFO - Página encontrada: page_frm_actions_categories
2026-03-03 22:16:20,780 - ERROR - Página no encontrada: page_frm_action_categories
2026-03-03 22:16:44,424 - INFO - Formulario de categorías  limpiado.
2026-03-03 22:16:52,099 - INFO - Página encontrada: page_frm_clients
2026-03-03 22:16:54,491 - INFO - Página encontrada: page_frm_currencies
2026-03-03 22:17:04,979 - INFO - Página encontrada: page_frm_clients
2026-03-03 22:17:27,852 - INFO - Formulario de clientes habilitado.
2026-03-03 22:17:31,793 - INFO - Formulario de clientes limpiado.
2026-03-03 22:17:31,795 - INFO - Acción cancelar confirmada: Formulario limpiado y deshabilitado.
2026-03-03 22:18:33,908 - INFO - Página encontrada: page_frm_clients
2026-03-03 22:18:35,429 - INFO - Formulario de clientes habilitado.
2026-03-03 22:21:41,741 - ERROR - Error crítico en save_clients: 'PySide6.QtWidgets.QTextEdit' object has no attribute 'text'
2026-03-03 22:22:10,389 - ERROR - Error crítico en save_clients: 'PySide6.QtWidgets.QTextEdit' object has no attribute 'text'
2026-03-03 22:23:53,982 - ERROR - Error crítico en save_clients: 'PySide6.QtWidgets.QTextEdit' object has no attribute 'text'
2026-03-03 22:24:03,139 - INFO - Formulario de clientes limpiado.
2026-03-03 22:24:03,141 - INFO - Acción cancelar confirmada: Formulario limpiado y deshabilitado.
2026-03-03 22:24:06,622 - INFO - Página encontrada: page_frm_a_company
2026-03-03 22:24:09,574 - INFO - Página encontrada: page_frm_clients
2026-03-03 22:24:12,374 - INFO - Página encontrada: page_frm_currencies
2026-03-03 22:24:14,959 - INFO - Formulario de monedas habilitado.
2026-03-03 22:26:57,619 - INFO - Moneda guardada exitosamente: 01008
2026-03-03 22:26:59,989 - INFO - Formulario de monedas limpiado.
2026-03-03 22:30:10,678 - INFO - Formulario de monedas limpiado.
2026-03-03 22:30:10,680 - INFO - Acción cancelar confirmada: Formulario limpiado y deshabilitado.
2026-03-03 22:52:02,873 - INFO - Base de datos ArkToolsBD.sqlite inicializada y tablas verificadas.
2026-03-03 22:52:02,951 - INFO - Barra de estado actualizada correctamente.
2026-03-03 22:52:08,276 - INFO - Página encontrada: page_frm_clients
2026-03-03 22:52:13,501 - INFO - Formulario de clientes habilitado.
2026-03-03 22:56:00,131 - INFO - Cliente guardado exitosamente: B003
2026-03-03 22:56:03,554 - ERROR - Error crítico en save_clients: 'Ui_MainWindow' object has no attribute 'lineEdit_clt_idfiscaliscal'
2026-03-03 22:57:55,958 - INFO - Base de datos ArkToolsBD.sqlite inicializada y tablas verificadas.
2026-03-03 22:57:55,997 - INFO - Barra de estado actualizada correctamente.
2026-03-03 22:58:00,784 - INFO - Página encontrada: page_frm_clients
2026-03-03 22:58:02,527 - INFO - Formulario de clientes habilitado.
2026-03-03 23:00:29,403 - INFO - Cliente guardado exitosamente: CLT004
2026-03-03 23:00:31,141 - INFO - Formulario de clientes limpiado.
2026-03-03 23:00:38,485 - INFO - Formulario de clientes limpiado.
2026-03-03 23:00:38,488 - INFO - Acción cancelar confirmada: Formulario limpiado y deshabilitado.
2026-03-03 23:07:01,382 - INFO - Base de datos ArkToolsBD.sqlite inicializada y tablas verificadas.
2026-03-03 23:07:01,417 - INFO - Barra de estado actualizada correctamente.
2026-03-03 23:07:07,139 - INFO - Página encontrada: page_frm_clients
2026-03-03 23:07:10,716 - INFO - Formulario de clientes habilitado.
2026-03-03 23:11:16,666 - INFO - Formulario de clientes limpiado.
2026-03-03 23:11:16,668 - INFO - Acción cancelar confirmada: Formulario limpiado y deshabilitado.
2026-04-07 21:48:42,463 - INFO - Base de datos ArkToolsBD.sqlite inicializada y tablas verificadas.
2026-04-07 21:48:42,691 - INFO - Barra de estado actualizada correctamente.
2026-04-07 23:15:20,143 - INFO - Base de datos ArkToolsBD.sqlite inicializada y tablas verificadas.
2026-04-07 23:15:20,188 - INFO - Barra de estado actualizada correctamente.
2026-04-07 23:15:27,554 - INFO - Página encontrada: page_frm_functional_units
2026-04-07 23:15:30,930 - INFO - Formulario de unidades funcionales habilitado.
2026-04-07 23:15:41,797 - INFO - Formulario de unidades limpiado.
2026-04-07 23:15:41,799 - INFO - Acción cancelar confirmada: Formulario limpiado y deshabilitado.
2026-05-04 19:18:17,126 - INFO - Base de datos ArkToolsBD.sqlite inicializada y tablas verificadas.
2026-05-04 19:18:17,437 - INFO - Barra de estado actualizada correctamente.
2026-05-04 19:19:01,103 - INFO - Consulta a ark_company ejecutada y resultados mostrados.
2026-05-04 19:19:21,115 - INFO - Se ha solicitado cambiar la configuración regional.
2026-05-05 16:42:02,365 - INFO - Base de datos ArkToolsBD.sqlite inicializada y tablas verificadas.
2026-05-05 16:42:03,183 - INFO - Barra de estado actualizada correctamente.
2026-05-05 23:12:20,574 - INFO - Base de datos ArkToolsBD.sqlite inicializada y tablas verificadas.
2026-05-09 00:44:15,732 - INFO - Base de datos ArkToolsBD.sqlite inicializada y tablas verificadas.
2026-05-09 01:06:20,968 - INFO - Base de datos ArkToolsBD.sqlite inicializada y tablas verificadas.
2026-05-09 01:20:05,016 - INFO - Base de datos ArkToolsBD.sqlite inicializada y tablas verificadas.
2026-05-09 01:20:29,605 - INFO - Base de datos ArkToolsBD.sqlite inicializada y tablas verificadas.
2026-05-09 01:25:55,238 - INFO - Base de datos ArkToolsBD.sqlite inicializada y tablas verificadas.
2026-05-09 01:46:10,363 - INFO - Base de datos ArkToolsBD.sqlite inicializada y tablas verificadas.
2026-05-09 01:49:13,758 - INFO - Base de datos ArkToolsBD.sqlite inicializada y tablas verificadas.
2026-05-09 01:54:47,682 - INFO - Base de datos ArkToolsBD.sqlite inicializada y tablas verificadas.
2026-05-09 01:54:47,707 - INFO - Barra de estado actualizada correctamente.
2026-05-28 12:05:05,443 - INFO - Base de datos ArkToolsBD.sqlite inicializada y tablas verificadas.
2026-05-28 12:05:05,632 - INFO - Barra de estado actualizada correctamente.
2026-05-28 12:32:25,382 - INFO - Base de datos ArkToolsBD.sqlite inicializada y tablas verificadas.
2026-05-28 12:32:25,563 - INFO - Barra de estado actualizada correctamente.
2026-05-28 12:42:08,310 - INFO - Base de datos ArkToolsBD.sqlite inicializada y tablas verificadas.
2026-05-28 12:42:08,341 - INFO - Barra de estado actualizada correctamente.
2026-05-28 13:54:36,369 - INFO - Base de datos ArkToolsBD.sqlite inicializada y tablas verificadas.
2026-05-28 13:54:36,593 - INFO - Barra de estado actualizada correctamente.
2026-05-28 13:56:52,063 - INFO - Base de datos ArkToolsBD.sqlite inicializada y tablas verificadas.
2026-05-28 13:56:52,091 - INFO - Barra de estado actualizada correctamente.
2026-05-28 15:06:54,642 - INFO - Base de datos ArkToolsBD.sqlite inicializada y tablas verificadas.
2026-05-28 15:06:54,963 - INFO - Barra de estado actualizada correctamente.
2026-05-28 15:20:22,791 - INFO - Base de datos ArkToolsBD.sqlite inicializada y tablas verificadas.
2026-05-28 15:20:22,821 - INFO - Barra de estado actualizada correctamente.
2026-05-28 15:20:37,130 - INFO - Página encontrada: page_frm_a_company
2026-05-28 15:20:39,098 - INFO - Página encontrada: page_frm_clients
2026-05-28 15:20:41,130 - INFO - Página encontrada: page_frm_currencies
2026-05-28 15:20:42,786 - INFO - Página encontrada: page_frm_actions_categories
2026-05-28 15:20:42,787 - ERROR - Página no encontrada: page_frm_action_categories
2026-05-28 15:20:44,514 - INFO - Página encontrada: page_frm_functional_units
2026-05-28 15:20:46,218 - INFO - Página encontrada: page_frm_actions
2026-05-28 15:20:47,834 - INFO - Página encontrada: page_frm_employees
2026-05-28 15:20:49,138 - INFO - Página encontrada: page_frm_device_types
2026-05-28 15:20:50,754 - INFO - Página encontrada: page_frm_it_assets
2026-05-28 15:20:52,010 - INFO - Página encontrada: page_frm_job_titles
2026-05-28 15:20:53,906 - INFO - Página encontrada: page_frm_users
2026-05-28 15:22:55,644 - INFO - Página encontrada: page_frm_requests
2026-05-28 15:22:59,795 - INFO - Página encontrada: page_frm_sessions
2026-05-28 15:23:11,971 - INFO - Página encontrada: page_frm_sessions
2026-05-28 15:23:24,509 - INFO - Consulta a ark_company ejecutada y resultados mostrados.
2026-05-28 15:31:41,449 - INFO - Base de datos ArkToolsBD.sqlite inicializada y tablas verificadas.
2026-05-28 15:31:41,497 - INFO - Barra de estado actualizada correctamente.
2026-05-28 15:39:27,781 - INFO - Base de datos ArkToolsBD.sqlite inicializada y tablas verificadas.
2026-05-28 15:39:27,811 - INFO - Barra de estado actualizada correctamente.
2026-05-28 15:42:16,874 - INFO - Base de datos ArkToolsBD.sqlite inicializada y tablas verificadas.
2026-05-28 15:42:16,897 - INFO - Barra de estado actualizada correctamente.
2026-05-28 15:42:59,776 - INFO - Página encontrada: page_frm_a_company
2026-05-28 15:57:24,831 - INFO - Base de datos ArkToolsBD.sqlite inicializada y tablas verificadas.
2026-05-28 15:57:24,863 - INFO - Barra de estado actualizada correctamente.
2026-05-28 15:57:38,359 - INFO - Base de datos ArkToolsBD.sqlite inicializada y tablas verificadas.
2026-05-28 15:57:38,382 - INFO - Barra de estado actualizada correctamente.
2026-05-28 16:00:42,204 - INFO - Base de datos ArkToolsBD.sqlite inicializada y tablas verificadas.
2026-05-28 16:00:42,248 - INFO - Barra de estado actualizada correctamente.
2026-05-28 16:06:50,805 - INFO - Base de datos ArkToolsBD.sqlite inicializada y tablas verificadas.
2026-05-28 16:06:50,839 - INFO - Barra de estado actualizada correctamente.
2026-05-28 16:09:45,692 - INFO - Base de datos ArkToolsBD.sqlite inicializada y tablas verificadas.
2026-05-28 16:09:45,720 - INFO - Barra de estado actualizada correctamente.
2026-05-28 16:18:13,211 - INFO - Base de datos ArkToolsBD.sqlite inicializada y tablas verificadas.
2026-05-28 16:19:24,331 - INFO - Base de datos ArkToolsBD.sqlite inicializada y tablas verificadas.
2026-05-28 16:23:29,257 - INFO - Base de datos ArkToolsBD.sqlite inicializada y tablas verificadas.
2026-05-28 16:23:29,290 - INFO - Barra de estado actualizada correctamente.
2026-05-28 16:27:51,077 - INFO - Base de datos ArkToolsBD.sqlite inicializada y tablas verificadas.
2026-05-28 16:27:51,388 - INFO - Barra de estado actualizada correctamente.
2026-05-28 16:28:27,557 - INFO - Base de datos ArkToolsBD.sqlite inicializada y tablas verificadas.
2026-05-28 16:28:27,581 - INFO - Barra de estado actualizada correctamente.
2026-05-28 16:40:41,520 - INFO - Base de datos ArkToolsBD.sqlite inicializada y tablas verificadas.
2026-05-28 16:40:41,551 - INFO - Barra de estado actualizada correctamente.
2026-05-28 16:40:48,621 - INFO - Página encontrada: page_frm_requests
2026-05-28 16:40:50,500 - INFO - Página encontrada: page_frm_sessions
2026-05-28 16:42:54,937 - INFO - Base de datos ArkToolsBD.sqlite inicializada y tablas verificadas.
2026-05-28 16:42:54,961 - INFO - Barra de estado actualizada correctamente.
2026-05-28 16:43:38,141 - INFO - Se ha solicitado cambiar la configuración regional.
2026-05-28 16:43:42,432 - INFO - Iniciando proceso de cambio de configuración regional.
2026-05-28 16:43:42,476 - INFO - Configuración regional actualizada correctamente.
2026-05-28 16:43:50,390 - INFO - Consulta a ark_company ejecutada y resultados mostrados.
2026-05-28 16:44:42,334 - INFO - Página encontrada: page_frm_clients
2026-05-28 16:44:44,511 - INFO - Formulario de clientes habilitado.
2026-05-28 16:44:49,180 - INFO - Formulario de clientes limpiado.
2026-05-28 16:44:49,194 - INFO - Acción cancelar confirmada: Formulario limpiado y deshabilitado.
2026-05-28 16:44:52,326 - INFO - Página encontrada: page_frm_currencies
2026-05-28 16:44:53,815 - INFO - Formulario de monedas habilitado.
2026-05-28 16:44:57,740 - INFO - Formulario de monedas limpiado.
2026-05-28 16:44:57,742 - INFO - Acción cancelar confirmada: Formulario limpiado y deshabilitado.
2026-05-28 16:44:59,342 - INFO - Página encontrada: page_frm_actions_categories
2026-05-28 16:44:59,343 - ERROR - Página no encontrada: page_frm_action_categories
2026-05-28 16:45:03,707 - INFO - Formulario de categorías  limpiado.
2026-05-28 16:45:06,686 - INFO - Página encontrada: page_frm_users
2026-05-28 17:11:18,056 - INFO - Base de datos ArkToolsBD.sqlite inicializada y tablas verificadas.
2026-05-28 17:11:18,086 - INFO - Barra de estado actualizada correctamente.
2026-05-28 18:20:14,612 - INFO - Base de datos ArkToolsBD.sqlite inicializada y tablas verificadas.
2026-05-28 18:20:14,661 - INFO - Barra de estado actualizada correctamente.
2026-05-28 18:35:54,046 - INFO - Base de datos ArkToolsBD.sqlite inicializada y tablas verificadas.
2026-05-28 18:35:54,325 - INFO - Barra de estado actualizada correctamente.
2026-05-28 18:37:36,278 - INFO - Base de datos ArkToolsBD.sqlite inicializada y tablas verificadas.
2026-05-28 18:37:36,305 - INFO - Barra de estado actualizada correctamente.
2026-05-28 18:39:53,350 - INFO - Base de datos ArkToolsBD.sqlite inicializada y tablas verificadas.
2026-05-28 18:39:53,379 - INFO - Barra de estado actualizada correctamente.
2026-05-28 18:44:08,372 - INFO - Base de datos ArkToolsBD.sqlite inicializada y tablas verificadas.
2026-05-28 18:44:08,404 - INFO - Barra de estado actualizada correctamente.
2026-05-28 18:47:13,516 - INFO - Base de datos ArkToolsBD.sqlite inicializada y tablas verificadas.
2026-05-28 18:47:13,542 - INFO - Barra de estado actualizada correctamente.
2026-05-28 19:07:03,294 - INFO - Base de datos ArkToolsBD.sqlite inicializada y tablas verificadas.
2026-05-28 19:07:03,329 - INFO - Barra de estado actualizada correctamente.
2026-05-28 19:07:26,206 - INFO - Consulta a ark_company ejecutada y resultados mostrados.
2026-05-28 19:30:00,885 - INFO - Base de datos ArkToolsBD.sqlite inicializada y tablas verificadas.
2026-05-28 19:30:01,196 - INFO - Barra de estado actualizada correctamente.
2026-05-28 19:37:05,003 - INFO - Base de datos ArkToolsBD.sqlite inicializada y tablas verificadas.
2026-05-28 19:37:05,036 - INFO - Barra de estado actualizada correctamente.
2026-05-28 20:38:22,364 - INFO - Base de datos ArkToolsBD.sqlite inicializada y tablas verificadas.
2026-05-28 20:38:22,674 - INFO - Barra de estado actualizada correctamente.
2026-05-28 20:38:43,170 - INFO - Página encontrada: page_frm_requests
2026-05-28 20:49:24,977 - INFO - Base de datos ArkToolsBD.sqlite inicializada y tablas verificadas.
2026-05-28 20:49:25,007 - INFO - Barra de estado actualizada correctamente.
2026-05-28 20:51:41,306 - INFO - Base de datos ArkToolsBD.sqlite inicializada y tablas verificadas.
2026-05-28 20:51:41,332 - INFO - Barra de estado actualizada correctamente.
2026-05-28 21:02:35,972 - INFO - Base de datos ArkToolsBD.sqlite inicializada y tablas verificadas.
2026-05-28 21:02:36,002 - INFO - Barra de estado actualizada correctamente.
2026-05-28 21:13:21,121 - INFO - Base de datos ArkToolsBD.sqlite inicializada y tablas verificadas.
2026-05-28 21:13:21,151 - INFO - Barra de estado actualizada correctamente.
2026-05-28 21:18:34,080 - INFO - Base de datos ArkToolsBD.sqlite inicializada y tablas verificadas.
2026-05-28 21:18:34,110 - INFO - Barra de estado actualizada correctamente.
2026-05-28 21:18:50,420 - INFO - Página encontrada: page_frm_requests
2026-05-28 22:03:01,985 - INFO - Base de datos ArkToolsBD.sqlite inicializada y tablas verificadas.
2026-05-28 22:03:02,014 - INFO - Barra de estado actualizada correctamente.
2026-05-28 22:06:52,442 - INFO - Base de datos ArkToolsBD.sqlite inicializada y tablas verificadas.
2026-05-28 22:06:52,479 - INFO - Barra de estado actualizada correctamente.
2026-05-28 22:10:14,928 - INFO - Base de datos ArkToolsBD.sqlite inicializada y tablas verificadas.
2026-05-28 22:10:14,971 - INFO - Barra de estado actualizada correctamente.
2026-05-28 22:10:28,040 - INFO - Página encontrada: page_frm_requests
2026-05-28 22:21:22,480 - INFO - Base de datos ArkToolsBD.sqlite inicializada y tablas verificadas.
2026-05-28 22:21:22,516 - INFO - Barra de estado actualizada correctamente.
2026-05-28 22:44:38,458 - INFO - Base de datos ArkToolsBD.sqlite inicializada y tablas verificadas.
2026-05-28 22:44:38,486 - INFO - Barra de estado actualizada correctamente.
2026-05-28 22:48:34,818 - INFO - Base de datos ArkToolsBD.sqlite inicializada y tablas verificadas.
2026-05-28 22:48:34,846 - INFO - Barra de estado actualizada correctamente.
2026-05-28 22:48:40,117 - INFO - Página encontrada: page_frm_a_company
2026-05-28 22:51:20,874 - INFO - Base de datos ArkToolsBD.sqlite inicializada y tablas verificadas.
2026-05-28 22:51:20,904 - INFO - Barra de estado actualizada correctamente.
2026-05-28 22:57:46,214 - INFO - Base de datos ArkToolsBD.sqlite inicializada y tablas verificadas.
2026-05-28 22:57:46,246 - INFO - Barra de estado actualizada correctamente.
2026-05-28 22:58:09,002 - INFO - El usuario ha confirmado el cierre de la aplicación.
2026-05-28 22:58:21,677 - INFO - Base de datos ArkToolsBD.sqlite inicializada y tablas verificadas.
2026-05-28 22:58:21,701 - INFO - Barra de estado actualizada correctamente.
2026-05-28 23:06:45,797 - INFO - Base de datos ArkToolsBD.sqlite inicializada y tablas verificadas.
2026-05-28 23:06:45,833 - INFO - Barra de estado actualizada correctamente.
2026-05-28 23:06:55,478 - INFO - Se ha solicitado cambiar la configuración regional.
2026-05-28 23:06:59,066 - INFO - Consulta a ark_company ejecutada y resultados mostrados.
2026-05-28 23:07:13,506 - INFO - El usuario ha confirmado el cierre de la aplicación.
2026-05-28 23:20:18,788 - INFO - Base de datos ArkToolsBD.sqlite inicializada y tablas verificadas.
2026-05-28 23:20:18,822 - INFO - Barra de estado actualizada correctamente.
2026-05-28 23:24:05,173 - INFO - Base de datos ArkToolsBD.sqlite inicializada y tablas verificadas.
2026-05-28 23:24:05,202 - INFO - Barra de estado actualizada correctamente.
2026-05-28 23:24:21,862 - INFO - Consulta a ark_company ejecutada y resultados mostrados.
2026-05-28 23:24:53,149 - INFO - Se ha solicitado cambiar la configuración regional.
2026-05-28 23:24:55,254 - INFO - Consulta a ark_company ejecutada y resultados mostrados.
2026-05-28 23:24:56,966 - INFO - Consulta a ark_company ejecutada y resultados mostrados.
2026-05-28 23:28:24,997 - INFO - Base de datos ArkToolsBD.sqlite inicializada y tablas verificadas.
2026-05-28 23:28:25,027 - INFO - Barra de estado actualizada correctamente.
2026-05-28 23:28:43,347 - INFO - El usuario ha confirmado el cierre de la aplicación.
2026-05-28 23:56:23,431 - INFO - Base de datos ArkToolsBD.sqlite inicializada y tablas verificadas.
2026-05-28 23:56:23,719 - INFO - Barra de estado actualizada correctamente.
2026-05-28 23:56:30,873 - INFO - Se ha solicitado cambiar la configuración regional.
2026-05-28 23:56:53,974 - INFO - El usuario ha confirmado el cierre de la aplicación.
2026-05-30 22:31:41,635 - INFO - Base de datos ArkToolsBD.sqlite inicializada y tablas verificadas.
2026-05-30 22:31:41,920 - INFO - Barra de estado actualizada correctamente.
2026-05-30 22:31:49,498 - INFO - Página encontrada: page_frm_a_company
2026-05-30 22:32:29,162 - INFO - El usuario ha confirmado el cierre de la aplicación.
